TAPE
 11/11/19 DEE/CCET/UFSCar      100.0  2019 S 787-BUS TEST SYSTEM
BUS DATA FOLLOWS                    787 ITEMS
1114 FURNAS---GER  1  1  3 1.0500   -9.0     0.00     0.00   932.00  210.00     0.0  1.050 99989.0 -9999.0     0.0   0.000 1114    1
   2 AGRANDE  138  1  1  0 0.9780   17.0    13.00     4.20     0.00    0.00     0.0  0.000     0.0     0.0     0.0   0.000    0    2
   3 ALEGRET2 230  1  1  0 1.0260   27.0     0.00     0.00     0.00    0.00     0.0  0.000     0.0     0.0     0.0   0.000    0    3
   4 ALEGRETE2 69  1  1  0 0.9620   20.0    36.50    12.00     0.00    0.00     0.0  0.000     0.0     0.0     0.0   0.000    0    4
   5 ALEGRET2-GER  1  1  2 0.9990   20.0     0.00     0.00     0.00   34.40     0.0  0.999 99989.0 -9999.0     0.0   0.000    5    5
   6 ALEGRETE2000  1  1  0 0.9610   20.0     0.00     0.00     0.00    0.00     0.0  0.000     0.0     0.0     0.0   0.000    0    6
   7 ALEGRET1 138  1  1  0 1.0010   20.0     0.00     0.00     0.00    0.00     0.0  0.000     0.0     0.0     0.0   0.000    0    7
   8 ALEGRET 1 69  1  1  0 0.9580   20.0    25.00     8.20     0.00    0.00     0.0  0.000     0.0     0.0     0.0   0.000    0    8
   9 BAGE  2  230  1  1  0 1.0400   31.0    44.90    16.00     0.00    0.00     0.0  0.000     0.0     0.0     0.0   0.000    0    9
  11 B.GONC 3 230  1  1  0 0.9590    8.0    48.00    17.90     0.00    0.00     0.0  0.000     0.0     0.0     0.0   0.000    0   10
  18 CCORINHA  69  1  1  0 1.0010    2.0    55.20    18.00     0.00    0.00     0.0  0.000     0.0     0.0     0.0   0.000    0   11
  19 CCORINHA GER  1  1  2 1.0190    5.0     0.00     0.00     0.00   27.20     0.0  1.019    30.0   -15.0     0.0   0.000   19   12
  22 CCORINHA 138  1  1  0 0.9870    5.0    22.70     7.40     0.00    0.00     0.0  0.000     0.0     0.0     0.0   0.000    0   13
  23 CALTA 1  138  1  1  0 1.0020   22.0    39.50    13.00     0.00    0.00     0.0  0.000     0.0     0.0     0.0   0.000    0   14
  27 CACAPAVA 138  1  1  0 0.9470   24.0     7.50     3.00     0.00    0.00     0.0  0.000     0.0     0.0     0.0   0.000    0   15
  28 CCORINHA 000  1  1  0 1.0330    5.0     0.00     0.00     0.00    0.00     0.0  0.000     0.0     0.0     0.0   0.000    0   16
  29 CANASTRA 138  1  1  2 0.9880    3.0    26.60     8.70    38.00   22.10     0.0  0.988 99926.0 -9915.0     0.0   0.000   29   17
  35 CAMAQUA  230  1  1  0 0.9820   17.0    31.80    12.20     0.00    0.00     0.0  0.000     0.0     0.0     0.0   0.000    0   18
  38 CAMPOBOM 230  1  1  2 0.9750    9.0   123.00    40.50     0.00   26.60     0.0  0.975    30.0   -15.0     0.0   0.000   38   19
  44 CANDIOTA-525  1  1  0 1.0010   34.0     0.00     0.00     0.00    0.00     0.0  0.000     0.0     0.0     0.0   0.000    0   20
  45 CANDIOT3 230  1  1  0 1.0390   32.0     0.00     0.00     0.00    0.00     0.0  0.000     0.0     0.0     0.0   0.000    0   21
  46 CANDIOTA3GER  1  1  2 1.0190   37.0     0.00     0.00   315.00  107.00     0.0  1.019   173.0   -55.0     0.0   0.000   46   22
  47 CAXIAS 7 230  1  1  0 0.9700    9.0    24.70    10.50     0.00    0.00     0.0  0.000     0.0     0.0     0.0   0.000    0   23
  49 CAXIAS 2 230  1  1  0 0.9570    7.0    87.00    28.70     0.00    0.00     0.0  0.000     0.0     0.0     0.0   0.000    0   24
  53 C.IND.   230  1  1  0 0.9730   10.0   107.00    35.40     0.00    0.00     0.0  0.000     0.0     0.0     0.0   0.000    0   25
  54 C.IND.   138  1  1  0 0.9950    7.0     3.50     2.20     0.00    0.00     0.0  0.000     0.0     0.0     0.0   0.000    0   26
  57 CHARQUEAD 69  1  1  0 1.0040    8.0    96.70    31.90     0.00    0.00     0.0  0.000     0.0     0.0     0.0   0.000    0   27
  62 COPESUL  230  1  1  0 0.9680   10.0   221.00    72.60     0.00   36.00     0.0  0.000     0.0     0.0     0.0   0.000    0   28
  63 COPESUL   69  1  1  0 0.9690    2.0   122.00    70.70     0.00    0.00     0.0  0.000     0.0     0.0     0.0   0.000    0   29
  65 DFRANCIS 230  1  1  0 1.0390   26.0    12.60     5.00     0.00    0.00     0.0  0.000     0.0     0.0     0.0   0.000    0   30
  67 DFRANCIS-GER  1  1  2 1.0490   31.0     0.00     0.00   122.00   18.90     0.0  1.049  9062.0 -9062.0     0.0   0.000   67   31
  71 EREXIM 1 138  1  1  0 0.9560   11.0    48.20    15.90     2.00    0.00     0.0  0.000     0.0     0.0     0.0   0.000    0   32
  76 EVELHA   138  1  1  0 0.9670    4.0    44.20    18.80     0.00    0.00     0.0  0.000     0.0     0.0     0.0   0.000    0   33
  79 FARRO     69  1  1  0 0.9430    5.0   112.00    36.90     0.00    0.00     0.0  0.000     0.0     0.0     0.0   0.000    0   34
  80 GRAVATA2 230  1  1  0 0.9810   11.0    22.70     9.00     0.00    0.00     0.0  0.000     0.0     0.0     0.0   0.000    0   35
  81 GRAVATAI2 69  1  1  0 0.9550    7.0   107.00    54.70     0.00    0.00     0.0  0.000     0.0     0.0     0.0   0.000    0   36
  82 GRAVATAI2GER  1  1  2 0.9790    7.0     0.00     0.00     0.00   44.20     0.0  0.979   100.0   -50.0     0.0   0.000   82   37
  83 GRAVATAI2000  1  1  0 0.9540    7.0     0.00     0.00     0.00    0.00     0.0  0.000     0.0     0.0     0.0   0.000    0   38
  84 GUAIBA 2 230  1  1  0 0.9640   11.0    68.90    34.90     0.00    0.00     0.0  0.000     0.0     0.0     0.0   0.000    0   39
  86 GUARITA  230  1  1  0 1.0020   20.0    56.10    18.50     0.00    0.00     0.0  0.000     0.0     0.0     0.0   0.000    0   40
  93 ITAUBA   230  1  1  0 1.0340   25.0     0.00     0.00     0.00    0.00     0.0  0.000     0.0     0.0     0.0   0.000    0   41
  94 ITAUBA-A-GER  1  1  2 1.0390   31.0     0.00     0.00   450.00   42.40     0.0  1.039  9260.0 -9240.0     0.0   0.000   94   42
  98 JACUI    138  1  1  0 1.0390   25.0    25.30     9.50     0.00    0.00     0.0  0.000     0.0     0.0     0.0   0.000    0   43
  99 JACUI-A--GER  1  1  2 1.0190   35.0     0.00     0.00   179.00   69.80     0.0  1.019  9090.0 -9072.0     0.0   0.000   99   44
 100 JAGUARAO 138  1  1  0 0.9660   15.0    18.20     5.30     0.00    0.00     0.0  0.000     0.0     0.0     0.0   0.000    0   45
 107 LIVRAME2 230  1  1  0 1.0380   27.0    35.70    11.70     0.00    0.00     0.0  0.000     0.0     0.0     0.0   0.000    0   46
 109 LAJEAD2 230   1  1  0 0.9700   13.0    73.40    24.20     0.00    0.00     0.0  0.000     0.0     0.0     0.0   0.000    0   47
 111 LVERMELH 138  1  1  0 1.0000    7.0     8.00     2.60     0.00    0.00     0.0  0.000     0.0     0.0     0.0   0.000    0   48
 112 LVERMELH 230  1  1  0 0.9970   12.0     0.00     0.00     0.00    0.00     0.0  0.000     0.0     0.0     0.0   0.000    0   49
 114 MACAMBA  230  1  1  0 1.0260   29.0     0.00     0.00     0.00    0.00     0.0  0.000     0.0     0.0     0.0   0.000    0   50
 115 MACAMBA   69  1  1  0 0.9750   26.0    36.80     9.20     0.00    0.00     0.0  0.000     0.0     0.0     0.0   0.000    0   51
 116 MACAMBAR-GER  1  1  2 1.0190   30.0     0.00     0.00     0.00   21.60     0.0  1.019    30.0  -930.0     0.0   0.000  116   52
 117 MACAMBA  000  1  1  0 0.9950   29.0     0.00     0.00     0.00    0.00     0.0  0.000     0.0     0.0     0.0   0.000    0   53
 119 MARMELEIR230  1  1  0 0.9530   11.0     0.00     0.00     0.00    0.00     0.0  0.000     0.0     0.0     0.0   0.000    0   54
 120 MARMELEIR 69  1  1  0 0.9980    7.0    79.20    11.40     0.00    0.00     0.0  0.000     0.0     0.0     0.0   0.000    0   55
 121 MARMELEI-GER  1  1  2 1.0190    7.0     0.00     0.00     0.00   15.40     0.0  1.019    60.0   -30.0     0.0   0.000  121   56
 122 MARMELEI-000  1  1  0 1.0030    7.0     0.00     0.00     0.00    0.00     0.0  0.000     0.0     0.0     0.0   0.000    0   57
 123 MCOBRE   138  1  1  0 0.9550   24.0    17.30    10.70     0.00    0.00     0.0  0.000     0.0     0.0     0.0   0.000    0   58
 127 NPRATA 2 230  1  1  0 0.9860   11.0    43.30    14.20     0.00    0.00     0.0  0.000     0.0     0.0     0.0   0.000    0   59
 131 OSORIO   230  1  1  0 0.9510    7.0    46.40     9.50     0.00    0.00     0.0  0.000     0.0     0.0     0.0   0.000    0   60
 135 OSORIO   138  1  1  0 0.9340    4.0    43.50    13.90     0.00    0.00     0.0  0.000     0.0     0.0     0.0   0.000    0   61
 140 PAL  4   230  1  1  0 0.9670    9.0    70.00    26.00     0.00    0.00     0.0  0.000     0.0     0.0     0.0   0.000    0   62
 143 PAL  6   230  1  1  0 0.9680    9.0    55.00    18.10     0.00    0.00     0.0  0.000     0.0     0.0     0.0   0.000    0   63
 144 PAL  6    69  1  1  0 0.9860    4.0   172.00    56.00     0.00    0.00     0.0  0.000     0.0     0.0     0.0   0.000    0   64
 145 PAL 6----GER  1  1  2 1.0000    4.0     0.00     0.00     0.00   20.30     0.0  1.000    30.0   -15.0     0.0   0.000  145   65
 146 PAL  6   000  1  1  0 0.9860    4.0     0.04     0.00     0.00    0.00     0.0  0.000     0.0     0.0     0.0   0.000    0   66
 147 PAL 7    230  1  1  0 0.9630   10.0   104.00    34.20     0.00    0.00     0.0  0.000     0.0     0.0     0.0   0.000    0   67
 148 PAL  8   230  1  1  0 0.9750   10.0   145.00    48.00     0.00    0.00     0.0  0.000     0.0     0.0     0.0   0.000    0   68
 150 PAL  9   230  1  1  0 0.9640   10.0    37.10    11.00     0.00    0.00     0.0  0.000     0.0     0.0     0.0   0.000    0   69
 151 PAL  9    69  1  1  0 0.9050    0.0   115.00    51.00     0.00    0.00     0.0  0.000     0.0     0.0     0.0   0.000    0   70
 152 PAL  9    13  1  1  2 0.9250    0.0     0.00     0.00     0.00   19.00     0.0  0.925    19.0    -9.5     0.0   0.000  152   71
 153 PAL  9   000  1  1  0 0.9030    0.0     0.00     0.00     0.00    0.00     0.0  0.000     0.0     0.0     0.0   0.000    0   72
 154 PAL  10  230  1  1  0 0.9680    9.0    25.70    10.90     0.00    0.00     0.0  0.000     0.0     0.0     0.0   0.000    0   73
 157 PAL  13  230  1  1  0 0.9650    9.0    61.30    20.20     0.00    0.00     0.0  0.000     0.0     0.0     0.0   0.000    0   74
 162 PAL  6   000  1  1  0 0.9860    4.0     0.00     0.00     0.00    0.00     0.0  0.000     0.0     0.0     0.0   0.000    0   75
 164 PELOTAS  000  1  1  0 1.0130   15.0     0.00     0.00     0.00    0.00     0.0  0.000     0.0     0.0     0.0   0.000    0   76
 165 PELOTAS3 230  1  1  0 0.9840   20.0     0.00     0.00     0.00    0.00     0.0  0.000     0.0     0.0     0.0   0.000    0   77
 166 PELOTAS 3 69  1  1  0 1.0160   15.0   133.00    43.70     0.00    0.00     0.0  0.000     0.0     0.0     0.0   0.000    0   78
 167 PELOTAS  GER  1  1  2 1.0490   15.0     0.00     0.00     0.00   35.10     0.0  1.049   100.0   -50.0     0.0   0.000  167   79
 168 PIREL-SUL138  1  1  0 0.9830    6.0     1.60     1.00     0.00    0.00     0.0  0.000     0.0     0.0     0.0   0.000    0   80
 171 PLANSUL  138  1  1  0 0.9850    5.0     8.70     5.40     0.00    0.00     0.0  0.000     0.0     0.0     0.0   0.000    0   81
 172 PMEDICI  230  1  1  0 1.0350   31.0     0.00     0.00     0.00    0.00     0.0  0.000     0.0     0.0     0.0   0.000    0   82
 173 PMEDICI  138  1  1  0 0.9980   27.0    23.50    12.20     0.00    0.00     0.0  0.000     0.0     0.0     0.0   0.000    0   83
 175 PMEDICIA-GER  1  1  2 1.0390   35.0     0.00     0.00   112.00    9.99     0.0  1.039  9098.0 -9028.0     0.0   0.000  175   84
 176 PMEDICIB-GER  1  1  2 1.0390   36.0     0.00     0.00   290.00   24.90     0.0  1.039  9053.0 -9026.0     0.0   0.000  176   85
 179 POSORIO  230  1  1  0 0.9890   22.0     0.00     0.00     0.00    0.00     0.0  0.000     0.0     0.0     0.0   0.000    0   86
 180 POSORIO  138  1  1  0 0.9980   19.0     6.30     2.90     0.00    0.00     0.0  0.000     0.0     0.0     0.0   0.000    0   87
 181 PREAL    230  1  1  0 1.0310   23.0     0.00     0.00     0.00    0.00     0.0  0.000     0.0     0.0     0.0   0.000    0   88
 182 PREAL    138  1  1  0 1.0360   25.0     0.00     0.00     0.00    0.00     0.0  0.000     0.0     0.0     0.0   0.000    0   89
 183 PREAL-A--GER  1  1  2 1.0390   28.0     0.00     0.00   126.00   16.10     0.0  1.039  9078.0 -9080.0     0.0   0.000  183   90
 184 QUINTA   000  1  1  0 1.0220   12.0     0.00     0.00     0.00    0.00     0.0  0.000     0.0     0.0     0.0   0.000    0   91
 185 QUINTA---GER  1  1  2 1.0490   12.0     0.00     0.00     0.00   27.80     0.0  1.049 99950.0 -9925.0     0.0   0.000  185   92
 186 QUINTA   230  1  1  0 0.9760   18.0     0.00     0.00     0.00    0.00     0.0  0.000     0.0     0.0     0.0   0.000    0   93
 187 QUINTA    69  1  1  0 1.0210   12.0    86.00    28.30     0.00    0.00     0.0  0.000     0.0     0.0     0.0   0.000    0   94
 188 RGRANDE4 230  1  1  0 0.9740   18.0    19.30     9.40     0.00    0.00     0.0  0.000     0.0     0.0     0.0   0.000    0   95
 189 SANGELO2 230  1  1  2 1.0190   27.0    59.50    11.50     0.00   10.80     0.0  1.019   200.0  -100.0     0.0   0.000  189   96
 193 SARANDI  230  1  1  0 1.0100   17.0    26.70     8.80     0.00    0.00     0.0  0.000     0.0     0.0     0.0   0.000    0   97
 195 SBORJA 2 230  1  1  0 1.0200   32.0    33.70    13.00     0.00    0.00     0.0  0.000     0.0     0.0     0.0   0.000    0   98
 197 SCHARLAU 138  1  1  0 0.9730    4.0    60.60    19.90     0.00    0.00     0.0  0.000     0.0     0.0     0.0   0.000    0   99
 198 SCHARLAU  69  1  1  0 0.9970    4.0     0.00     0.00     0.00    0.00     0.0  0.000     0.0     0.0     0.0   0.000    0  100
 199 SCHARLAU-GER  1  1  2 0.9970    4.0     0.00     0.00     0.00   17.90     0.0  0.997    19.0    -9.5     0.0   0.000  199  101
 200 SCHARLAU 000  1  1  0 0.9700    4.0     0.00     0.00     0.00    0.00     0.0  0.000     0.0     0.0     0.0   0.000    0  102
 201 SCRUZ 1  230  1  1  0 0.9450    7.0    83.60    27.50     0.00    0.00     0.0  0.000     0.0     0.0     0.0   0.000    0  103
 203 S.LUIZ   230  1  1  0 1.0190   32.0    33.10     7.50     0.00    0.00     0.0  0.000     0.0     0.0     0.0   0.000    0  104
 204 URUGUAI-5 69  1  1  0 1.0460   19.0    74.00    24.60     0.00    0.00     0.0  0.000     0.0     0.0     0.0   0.000    0  105
 205 SIDERURG 230  1  1  0 0.9720   10.0    12.70     7.50     0.00    0.00     0.0  0.000     0.0     0.0     0.0   0.000    0  106
 206 SANANDUV 138  1  1  0 0.9800    5.0    10.20     3.70     0.00    0.00     0.0  0.000     0.0     0.0     0.0   0.000    0  107
 208 SMARIA 1 138  1  1  0 0.9980   21.0    31.00    12.40     0.00    0.00     0.0  0.000     0.0     0.0     0.0   0.000    0  108
 209 SMARIA 3 230  1  1  0 1.0340   25.0    44.20    15.30     0.00    0.00     0.0  0.000     0.0     0.0     0.0   0.000    0  109
 213 SMARTA   230  1  1  0 1.0070   18.0    56.00    21.40     0.00    0.00     0.0  0.000     0.0     0.0     0.0   0.000    0  110
 217 SVICENTE 230  1  1  0 1.0250   25.0    43.10    19.80     0.00    0.00     0.0  0.000     0.0     0.0     0.0   0.000    0  111
 219 SMARTA   138  1  1  0 0.9400    3.0    30.80    12.70     3.00    0.00     0.0  0.000     0.0     0.0     0.0   0.000    0  112
 220 TCOROAS  138  1  1  0 0.9800    2.0    12.00     4.00     0.00    0.00     0.0  0.000     0.0     0.0     0.0   0.000    0  113
 223 TAQUARA  138  1  1  0 0.9770    2.0    35.80    12.00     0.00    0.00     0.0  0.000     0.0     0.0     0.0   0.000    0  114
 224 TRESMAIO 230  1  1  0 1.0030   23.0    24.00     4.90     0.00    0.00     0.0  0.000     0.0     0.0     0.0   0.000    0  115
 228 TAPEJARA 138  1  1  0 0.9740    5.0     7.00     2.30     0.00    0.00     0.0  0.000     0.0     0.0     0.0   0.000    0  116
 230 SROSA    230  1  1  0 1.0090   25.0    52.90    17.40     0.00    0.00     0.0  0.000     0.0     0.0     0.0   0.000    0  117
 233 TAPERA 2 230  1  1  0 1.0160   20.0    31.50    13.90     0.00    0.00     0.0  0.000     0.0     0.0     0.0   0.000    0  118
 234 ASSIS----525  1  1  0 1.0230   11.0     0.00     0.00     0.00    0.00     0.0  0.000     0.0     0.0     0.0   0.000    0  119
 236 URUGUAI5 230  1  1  0 0.9710   22.0     0.00     0.00     0.00    0.00     0.0  0.000     0.0     0.0     0.0   0.000    0  120
 238 URUGUAI5-GER  1  1  2 1.0390   19.0     0.00     0.00     0.00  -10.40     0.0  1.039    60.0   -30.0     0.0   0.000  238  121
 239 URUGUAIA5000  1  1  0 1.0450   19.0     0.00     0.00     0.00    0.00     0.0  0.000     0.0     0.0     0.0   0.000    0  122
 242 VACARIA  138  1  1  0 0.9750    5.0    20.80     6.80     0.00    0.00     0.0  0.000     0.0     0.0     0.0   0.000    0  123
 243 V.AIRES  230  1  1  0 0.9810   14.0     0.00     0.00     0.00    0.00     0.0  0.000     0.0     0.0     0.0   0.000    0  124
 245 V.AIRES  GER  1  1  2 0.9920   10.0     0.00     0.00     0.00   19.00     0.0  0.992    19.0    -9.5     0.0   0.000  245  125
 246 V.AIRES  000  1  1  0 0.9710   10.0     0.00     0.00     0.00    0.00     0.0  0.000     0.0     0.0     0.0   0.000    0  126
 248 V.AIRES   69  1  1  0 0.9710   10.0    64.50    29.60     0.00    0.00     0.0  0.000     0.0     0.0     0.0   0.000    0  127
 249 WMARTINS 138  1  1  0 0.9800    5.0     0.10     0.10     0.00    0.00     0.0  0.000     0.0     0.0     0.0   0.000    0  128
 250 ZOOLOGIC 138  1  1  0 0.9760    5.0    52.40    17.20     0.00    0.00     0.0  0.000     0.0     0.0     0.0   0.000    0  129
 252 BIGUACU  138  1  1  0 0.9730    6.0    13.40     4.50     0.00    0.00     0.0  0.000     0.0     0.0     0.0   0.000    0  130
 257 I.CENTRO 138  1  1  0 0.9770    6.0    46.80    15.60     0.00    0.00     0.0  0.000     0.0     0.0     0.0   0.000    0  131
 260 PALHOCA-C138  1  1  0 0.9880    7.0    20.20     6.70     0.00    0.00     0.0  0.000     0.0     0.0     0.0   0.000    0  132
 261 ROCADO    69  1  1  0 1.0010    4.0    35.30    11.80     0.00    0.00     0.0  0.000     0.0     0.0     0.0   0.000    0  133
 262 ROCADO   138  1  1  0 0.9780    6.0    49.60    16.50     0.00    0.00     0.0  0.000     0.0     0.0     0.0   0.000    0  134
 264 TRINDADE 138  1  1  0 0.9730    6.0    46.40    15.50     0.00    0.00     0.0  0.000     0.0     0.0     0.0   0.000    0  135
 266 US.GARCIA 69  1  1  2 1.0190    6.0     0.00     0.00     6.80    0.95     0.0  1.019     5.0    -4.0     0.0   0.000  266  136
 269 CANOINHAS138  1  1  0 0.9870    8.0    41.50    18.60     0.00    0.00     0.0  0.000     0.0     0.0     0.0   0.000    0  137
 273 GUARAMER.138  1  1  0 0.9540    6.0    12.90     4.30     0.00    0.00     0.0  0.000     0.0     0.0     0.0   0.000    0  138
 274 JARAGUA   34  1  1  0 1.0000    6.0     0.00     0.00     0.00    0.00     0.0  0.000     0.0     0.0     0.0   0.000    0  139
 275 JARAGUA   69  1  1  0 0.9780    2.0    19.60     6.50     0.00    0.00     0.0  0.000     0.0     0.0     0.0   0.000    0  140
 276 JARAGUA  138  1  1  0 0.9500    5.0    23.10     7.70     0.00    0.00     0.0  0.000     0.0     0.0     0.0   0.000    0  141
 279 JOINV. I  69  1  1  0 1.0260    2.0    81.50    32.70     0.00    0.00     0.0  0.000     0.0     0.0     0.0   0.000    0  142
 281 JOINV.IV 138  1  1  0 0.9510    6.0    53.20    17.70     0.00    0.00     0.0  0.000     0.0     0.0     0.0   0.000    0  143
 282 JOINV.IV  69  1  1  0 0.9940    5.0    38.00    23.60     0.00    0.00     0.0  0.000     0.0     0.0     0.0   0.000    0  144
 284 JOINV.VI 138  1  1  0 0.9500    6.0    52.00    17.30     0.00    0.00     0.0  0.000     0.0     0.0     0.0   0.000    0  145
 285 JOINV.VII138  1  1  0 0.9550    5.0    43.10    14.40     0.00    0.00     0.0  0.000     0.0     0.0     0.0   0.000    0  146
 290 MAFRA    138  1  1  0 0.9590    6.0    29.10     9.70     0.00    0.00     0.0  0.000     0.0     0.0     0.0   0.000    0  147
 292 R.NEGRIN.138  1  1  0 0.9530    5.0    12.80     4.30     0.00    0.00     0.0  0.000     0.0     0.0     0.0   0.000    0  148
 293 S.BENTO  138  1  1  0 0.9500    5.0    34.20    11.40     0.00    0.00     0.0  0.000     0.0     0.0     0.0   0.000    0  149
 298 BRACINHO  34  1  1  2 1.0290    8.0     0.00     0.00    13.00   -1.26     0.0  1.029     8.0    -7.0     0.0   0.000  298  150
 305 BL.GARCIA 69  1  1  0 1.0000    3.0    51.20    22.90     0.00    0.00     0.0  0.000     0.0     0.0     0.0   0.000    0  151
 306 BL.GARCIA138  1  1  0 0.9940    6.0     0.00     0.00     0.00    0.00     0.0  0.000     0.0     0.0     0.0   0.000    0  152
 307 BLUMEN 2  69  1  1  0 1.0350    5.0     0.00     0.00     0.00    0.00     0.0  0.000     0.0     0.0     0.0   0.000    0  153
 308 BLUM. II 138  1  1  0 1.0160    8.0    58.50    19.50     0.00    0.00     0.0  0.000     0.0     0.0     0.0   0.000    0  154
 309 BLUM.III 138  1  1  0 1.0010    6.0    64.90    21.60     0.00    0.00     0.0  0.000     0.0     0.0     0.0   0.000    0  155
 315 BRUSQUE  138  1  1  0 0.9710    5.0    45.70    15.20     0.00    0.00     0.0  0.000     0.0     0.0     0.0   0.000    0  156
 321 GASPAR   138  1  1  0 1.0080    7.0    25.50     8.50     0.00    0.00     0.0  0.000     0.0     0.0     0.0   0.000    0  157
 324 IBIRAMA   69  1  1  0 0.9600    0.0    20.90     7.00     0.00    0.00     0.0  0.000     0.0     0.0     0.0   0.000    0  158
 325 ILHOTA    69  1  1  0 0.9150    2.0    53.40    18.00     0.00    0.00     0.0  0.000     0.0     0.0     0.0   0.000    0  159
 327 INDAIAL A 69  1  1  0 0.9700    0.0     0.00     0.00     0.00    0.00     0.0  0.000     0.0     0.0     0.0   0.000    0  160
 328 INDAIAL B 69  1  1  0 1.0000    2.0     0.00     0.00     0.00    0.00     0.0  0.000     0.0     0.0     0.0   0.000    0  161
 331 ITAJAI II138  1  1  0 0.9610    4.0    59.80    19.90     0.00    0.00     0.0  0.000     0.0     0.0     0.0   0.000    0  162
 334 PICARRAS 138  1  1  0 0.9640    5.0    13.60     4.50     0.00    0.00     0.0  0.000     0.0     0.0     0.0   0.000    0  163
 336 RIO SUL   69  1  1  0 0.9870    0.0    32.40    10.80     0.00    0.00     0.0  0.000     0.0     0.0     0.0   0.000    0  164
 337 RIO SUL  138  1  1  0 0.9530    2.0    40.10    13.40     0.00    0.00     0.0  0.000     0.0     0.0     0.0   0.000    0  165
 340 BL.SALTO  69  1  1  2 1.0140    4.0    42.70    19.30     5.00    0.09     0.0  1.014     4.5    -3.5     0.0   0.000  340  166
 343 TIJUCAS  138  1  1  0 0.9670    5.0    27.30     9.10     0.00    0.00     0.0  0.000     0.0     0.0     0.0   0.000    0  167
 344 TIMBO     69  1  1  0 0.9700    0.0    22.20     7.40     0.00    0.00     0.0  0.000     0.0     0.0     0.0   0.000    0  168
 345 TIMBO    138  1  1  0 1.0010    6.0    13.20     4.40     0.00    0.00     0.0  0.000     0.0     0.0     0.0   0.000    0  169
 346 TROMBUDO 138  1  1  0 0.9510    2.0    16.60     5.50     0.00    0.00     0.0  0.000     0.0     0.0     0.0   0.024    0  170
 349 PALMEIRAS 69  1  1  2 1.0160    2.0     1.80     1.20    20.00   14.50     0.0  1.016    14.5   -11.0     0.0   0.000  349  171
 353 OTACILIO  69  1  1  0 0.9450    0.0    52.10    25.20     1.00    0.20     0.0  0.000     0.0     0.0     0.0   0.096    0  172
 355 OTACILIO 138  1  1  0 0.9190    3.0     0.00     0.00     0.00    0.00     0.0  0.000     0.0     0.0     0.0   0.000    0  173
 359 S.JOAQUIM138  1  1  0 0.9870    9.0    13.30     4.40     0.00    0.00     0.0  0.000     0.0     0.0     0.0   0.024    0  174
 361 LAGES II 138  1  1  0 0.9550    6.0    28.50     9.50     0.00    0.00     0.0  0.000     0.0     0.0     0.0   0.036    0  175
 363 V.RAMOS   69  1  1  0 0.9910    3.0    31.30    13.00     2.70    0.40     0.0  0.000     0.0     0.0     0.0   0.048    0  176
 364 V.RAMOS  138  1  1  0 0.9560    6.0     0.00     0.00     0.00    0.00     0.0  0.000     0.0     0.0     0.0   0.000    0  177
 366 CACADOR  138  1  1  0 0.9970    8.0    23.40     7.80     0.00    0.00     0.0  0.000     0.0     0.0     0.0   0.030    0  178
 367 C. NOVOS 138  1  1  0 1.0080    9.0     9.60     3.20     0.00    0.00     0.0  0.000     0.0     0.0     0.0   0.012    0  179
 369 FIC.C.NOV138  1  1  0 1.0090    9.0     0.00     0.00     0.00    0.00     0.0  0.000     0.0     0.0     0.0   0.000    0  180
 371 HERVAL    69  1  1  0 1.0230    8.0    26.80     8.90     1.90    0.00     0.0  0.000     0.0     0.0     0.0   0.048    0  181
 372 HERVAL   138  1  1  0 1.0320   11.0    20.10     6.70     0.00    0.00     0.0  0.000     0.0     0.0     0.0   0.000    0  182
 375 VIDEIRA  138  1  1  0 1.0080    9.0    54.10    18.00     0.00    0.00     0.0  0.000     0.0     0.0     0.0   0.042    0  183
 380 CHAPECO  138  1  1  0 0.9830    9.0    42.90    14.30     0.00    0.00     0.0  0.000     0.0     0.0     0.0   0.000    0  184
 388 PINHALZ. 138  1  1  0 0.9640    6.0    52.30    17.40     0.00    0.00     0.0  0.000     0.0     0.0     0.0   0.060    0  185
 396 S.MIGUEL 138  1  1  0 0.9470    4.0    55.50    18.50     0.00    0.00     0.0  0.000     0.0     0.0     0.0   0.072    0  186
 399 XANXERE   69  1  1  2 0.9770    7.0   113.00    41.80     3.60    1.00     0.0  0.977     1.0     0.0     0.0   0.000  399  187
 407 CRICIUMA  69  1  1  0 1.0030   10.0    65.30    21.80     0.00    0.00     0.0  0.000     0.0     0.0     0.0   0.000    0  188
 408 CRICIUMA2 69  1  1  0 1.0030   10.0    37.10    12.40     0.00    0.00     0.0  0.000     0.0     0.0     0.0   0.000    0  189
 412 FORQUILH. 69  1  1  0 1.0140   12.0    58.80    19.60     0.00    0.00     0.0  0.000     0.0     0.0     0.0   0.000    0  190
 417 I.C.C.   138  1  1  0 0.9950    9.0     5.80     3.60     0.00    0.00     0.0  0.000     0.0     0.0     0.0   0.000    0  191
 422 J.LACERDA 69  1  1  0 1.0000    9.0    75.10    25.00     0.00    0.00     0.0  0.000     0.0     0.0     0.0   0.000    0  192
 427 LAGUNA   138  1  1  0 0.9870    9.0    14.30     4.80     0.00    0.00     0.0  0.000     0.0     0.0     0.0   0.000    0  193
 436 PRO/FORQ. 69  1  1  0 1.0140   11.0    18.50    11.40     0.00    0.00     0.0  0.000     0.0     0.0     0.0   0.000    0  194
 437 PRO/SIDER.69  1  1  0 1.0130   11.0    11.00     6.80     0.00    0.00     0.0  0.000     0.0     0.0     0.0   0.000    0  195
 441 SIDEROP.E.69  1  1  0 1.0120   11.0    61.50    20.50     0.00    0.00     0.0  0.000     0.0     0.0     0.0   0.000    0  196
 447 TUBARAO  138  1  1  0 1.0210   12.0    13.40     4.50     0.00    0.00     0.0  0.000     0.0     0.0     0.0   0.000    0  197
 452 ACHATEAU-138  1  1  0 0.9910   15.0    19.80     7.80     0.00    0.00     0.0  0.000     0.0     0.0     0.0   0.048    0  198
 454 ANDIRA---138  1  1  0 0.9790    0.0    19.50     7.70     0.00    0.00     0.0  0.000     0.0     0.0     0.0   0.072    0  199
 455 ANDIRA--- 88  1  1  0 1.0090    0.0     0.00     0.00     0.00    0.00     0.0  0.000     0.0     0.0     0.0   0.000    0  200
 456 APARANA--138  1  1  0 0.9720    3.0    17.40     6.90     0.00    0.00     0.0  0.000     0.0     0.0     0.0   0.036    0  201
 457 APA01APA-138  1  1  0 1.0000    7.0    46.40    18.30     0.00    0.00     0.0  0.000     0.0     0.0     0.0   0.120    0  202
 458 APA01APA-230  1  1  0 1.0070   10.0     0.00     0.00     0.00    0.00     0.0  0.000     0.0     0.0     0.0   0.000    0  203
 460 ARAPONGA-138  1  1  0 0.9940    6.0    24.00     9.50     0.00    0.00     0.0  0.000     0.0     0.0     0.0   0.072    0  204
 462 ASSAI----138  1  1  0 0.9970    5.0    15.70     6.20     0.00    0.00     0.0  0.000     0.0     0.0     0.0   0.048    0  205
 463 ASTORGA--138  1  1  0 0.9840    3.0    19.60     7.70     0.00    0.00     0.0  0.000     0.0     0.0     0.0   0.048    0  206
 464 AREIA---- 69  1  1  0 0.9970   22.0     0.00     0.00     0.00    0.00     0.0  0.000     0.0     0.0     0.0   0.000    0  207
 466 AREIA----138  1  1  0 0.9970   20.0     0.00     0.00     0.00    0.00     0.0  0.000     0.0     0.0     0.0   0.000    0  208
 469 BANDEIRA-138  1  1  0 0.9810    0.0    24.50     9.70     0.00    0.00     0.0  0.000     0.0     0.0     0.0   0.096    0  209
 472 BATEIAS--230  1  1  0 1.0170   15.5     0.00     0.00     0.00    0.00     0.0  0.000     0.0     0.0     0.0   0.000    0  210
 473 BATEIAS-- 69  1  1  0 1.0000    7.0     0.00     0.00     0.00    0.00     0.0  0.000     0.0     0.0     0.0   0.000    0  211
 476 BVPARAIS-138  1  1  0 0.9820    4.0    13.80     5.40     0.00    0.00     0.0  0.000     0.0     0.0     0.0   0.024    0  212
 482 CAMBE----138  1  1  0 0.9970    6.0    13.60     5.40     0.00    0.00     0.0  0.000     0.0     0.0     0.0   0.024    0  213
 485 CASTRO---138  1  1  0 0.9910    6.0    25.50    10.10     0.00    0.00     0.0  0.000     0.0     0.0     0.0   0.072    0  214
 487 CBA01CPM- 69  1  1  0 1.0000    7.0    43.50    17.20     0.00    0.00     0.0  0.000     0.0     0.0     0.0   0.096    0  215
 488 CBA02SQT- 69  1  1  0 0.9930    4.0    82.60    32.70     0.00    0.00     0.0  0.000     0.0     0.0     0.0   0.244    0  216
 489 CBA03CCO-230  1  1  0 0.9940   13.0    20.90     8.30     0.00    0.00     0.0  0.000     0.0     0.0     0.0   0.072    0  217
 491 CBA03CCO- 69  1  1  0 1.0110    9.0     0.00     0.00     0.00    0.00     0.0  0.000     0.0     0.0     0.0   0.000    0  218
 492 CBA04UBR-230  1  1  0 0.9960   12.0     0.00     0.00     0.00    0.00     0.0  0.000     0.0     0.0     0.0   0.000    0  219
 493 CBA04UBR- 69  1  1  0 1.0000    6.0    85.00    33.60    18.20    0.00     0.0  0.000     0.0     0.0     0.0   0.288    0  220
 494 CBA05ABA- 69  1  1  0 0.9930    6.0    34.80    13.80     0.00    0.00     0.0  0.000     0.0     0.0     0.0   0.144    0  221
 495 CBA06CEN- 69  1  1  0 0.9900    6.0    47.30    18.70     0.00    0.00     0.0  0.000     0.0     0.0     0.0   0.144    0  222
 496 CBA07BGI-230  1  1  0 0.9970   13.0     0.00     0.00     0.00    0.00     0.0  0.000     0.0     0.0     0.0   0.000    0  223
 497 CBA07BGI- 69  1  1  0 0.9990    5.0   111.00    44.60     0.00    0.00     0.0  0.000     0.0     0.0     0.0   0.360    0  224
 499 CBA08CIC- 69  1  1  0 0.9970    5.0    34.80    13.80     0.00    0.00     0.0  0.000     0.0     0.0     0.0   0.144    0  225
 500 CBA09PIL-230  1  1  0 0.9950   12.0     0.00     0.00     0.00    0.00     0.0  0.000     0.0     0.0     0.0   0.000    0  226
 501 CBA09PIL- 69  1  1  0 1.0000    7.0    23.20     9.20     0.00    0.00     0.0  0.000     0.0     0.0     0.0   0.072    0  227
 502 CBA10PHO- 69  1  1  0 0.9970    6.0    35.00    13.90     0.00    0.00     0.0  0.000     0.0     0.0     0.0   0.096    0  228
 504 CBA11UMB- 69  1  1  0 1.0000    7.0    21.80    10.50     0.00    0.00     0.0  0.000     0.0     0.0     0.0   0.000    0  229
 505 CBA12TAR- 69  1  1  0 0.9910    5.0    34.20    13.50     0.00    0.00     0.0  0.000     0.0     0.0     0.0   0.072    0  230
 506 CBA13BAC- 69  1  1  0 0.9930    6.0    46.30    18.30     0.00    0.00     0.0  0.000     0.0     0.0     0.0   0.144    0  231
 507 CBA10PHOX 69  1  1  0 0.9950    5.0     0.00     0.00     0.00    0.00     0.0  0.000     0.0     0.0     0.0   0.000    0  232
 512 CBA18POR- 69  1  1  0 0.9970    4.0    26.60    10.70     0.00    0.00     0.0  0.000     0.0     0.0     0.0   0.072    0  233
 513 CBA19BOQ- 69  1  1  0 0.9920    5.0    40.10    15.80     0.00    0.00     0.0  0.000     0.0     0.0     0.0   0.120    0  234
 514 CBA01CPM-230  1  1  0 0.9940   11.0     0.00     0.00     0.00    0.00     0.0  0.000     0.0     0.0     0.0   0.000    0  235
 517 CBA20RBO- 69  1  1  0 0.9950    7.0    37.20    14.70     0.00    0.00     0.0  0.000     0.0     0.0     0.0   0.120    0  236
 518 CDGAUCHA-138  1  1  0 0.9810    6.0    15.20     6.00     0.00    0.00     0.0  0.000     0.0     0.0     0.0   0.048    0  237
 521 CEL01PHS-138  1  1  0 0.9940   18.0    55.50    21.90     0.00    0.00     0.0  0.000     0.0     0.0     0.0   0.144    0  238
 523 CEL02CEL-138  1  1  0 0.9990   19.0    33.30    13.20     0.00    0.00     0.0  0.000     0.0     0.0     0.0   0.000    0  239
 524 CEL02CEL-230  1  1  0 1.0120   22.0     0.00     0.00     0.00    0.00     0.0  0.000     0.0     0.0     0.0   0.000    0  240
 530 CEUAZUL--138  1  1  0 0.9890   15.0    15.70     6.20     0.00    0.00     0.0  0.000     0.0     0.0     0.0   0.036    0  241
 531 CIANORTE-138  1  1  0 0.9900    8.0    31.50    12.50     0.00    0.00     0.0  0.000     0.0     0.0     0.0   0.096    0  242
 535 CLO01CLO- 69  1  1  0 0.9940    7.0    55.80    19.10     0.00    0.00     0.0  0.000     0.0     0.0     0.0   0.144    0  243
 538 CMO01UHM- 69  1  1  0 0.9970    8.0    14.40     5.70     0.00    0.00     0.0  0.000     0.0     0.0     0.0   0.024    0  244
 539 CMO01UHM-GER  1  1  2 0.9990   11.0     2.60     1.00     7.50    3.61     0.0  0.999     5.5    -5.5     0.0   0.000  539  245
 540 CMO02SSD-138  1  1  0 0.9970   10.0    25.60    10.10     0.00    0.00     0.0  0.000     0.0     0.0     0.0   0.072    0  246
 542 CMO03CMO-138  1  1  0 0.9990   10.0     0.00     0.00     0.00    0.00     0.0  0.000     0.0     0.0     0.0   0.000    0  247
 543 CMO03CMO- 69  1  1  0 1.0010    9.0     0.00     0.00     0.00    0.00     0.0  0.000     0.0     0.0     0.0   0.000    0  248
 544 COLOMBO-- 69  1  1  0 0.9920    7.0    12.00     4.80     0.00    0.00     0.0  0.000     0.0     0.0     0.0   0.048    0  249
 545 COLORADO-138  1  1  0 0.9750    2.0    16.90     6.70     0.00    0.00     0.0  0.000     0.0     0.0     0.0   0.048    0  250
 547 CPO01CPO-138  1  1  0 0.9830    2.0    35.60    14.10     0.00    0.00     0.0  0.000     0.0     0.0     0.0   0.120    0  251
 553 DVIZINHO- 69  1  1  0 0.9800   14.0    18.10     7.20     0.00    0.00     0.0  0.000     0.0     0.0     0.0   0.072    0  252
 555 FAXINAL--138  1  1  0 0.9780    3.0     9.80     3.90     0.00    0.00     0.0  0.000     0.0     0.0     0.0   0.024    0  253
 557 FBELTRAO- 69  1  1  0 0.9770   11.0    20.40     8.10     1.80    0.00     0.0  0.000     0.0     0.0     0.0   0.096    0  254
 558 FIGUEIRA-138  1  1  0 1.0000   -2.0    16.50     6.50     0.00    0.00     0.0  0.000     0.0     0.0     0.0   0.000    0  255
 559 FIGUEIRA-230  1  1  0 0.9830    1.0     0.00     0.00     0.00    0.00     0.0  0.000     0.0     0.0     0.0   0.000    0  256
 560 FIGUEIRA-GER  1  1  2 1.0190   -1.0     0.00     0.00     6.00    8.66     0.0  1.019    15.0   -15.0     0.0   0.000  560  257
 561 FLORESTO-138  1  1  0 0.9770    3.0    19.60     7.80     0.00    0.00     0.0  0.000     0.0     0.0     0.0   0.048    0  258
 562 FOZAREIA- 69  1  1  0 0.9910   22.0    21.40     8.40     0.00    0.00     0.0  0.000     0.0     0.0     0.0   0.024    0  259
 563 FOZ01FOZ-138  1  1  0 0.9990   13.0    79.10    29.00     0.00    0.00     0.0  0.000     0.0     0.0     0.0   0.240    0  260
 564 FOZ01FOZ-230  1  1  0 0.9810   16.0     0.00     0.00     0.00    0.00     0.0  0.000     0.0     0.0     0.0   0.000    0  261
 565 FOZ03FUT-138  1  1  0 0.9970   12.0    14.50     5.70     0.00    0.00     0.0  0.000     0.0     0.0     0.0   0.072    0  262
 568 GBMROCHA 525  1  1  0 1.0420   26.9     0.00     0.00     0.00    0.00     0.0  0.000     0.0     0.0     0.0   0.000    0  263
 569 GBMROCHA-GER  1  1  2 1.0500   33.0     0.00     0.00  1506.00   42.70     0.0  1.050   500.0  -500.0     0.0   0.000  569  264
 570 GOIOERE--138  1  1  0 0.9900    9.0    22.40     8.90     0.00    0.00     0.0  0.000     0.0     0.0     0.0   0.072    0  265
 571 GPSOUZA--138  1  1  0 0.9960   14.0     2.00     0.80     0.00    0.00     0.0  0.000     0.0     0.0     0.0   0.000    0  266
 572 GPSOUZA--230  1  1  0 1.0250   16.0     0.00     0.00     0.00    0.00     0.0  0.000     0.0     0.0     0.0   0.135    0  267
 573 GPSOUZA--GER  1  1  2 1.0090   22.0     0.00     0.00   222.00   61.30     0.0  1.009   125.0  -125.0     0.0   0.000  573  268
 574 GUAIRA---138  1  1  0 1.0000   20.0    20.70     8.20     0.00    0.00     0.0  0.000     0.0     0.0     0.0   0.000    0  269
 575 GUAIRA---230  1  1  0 1.0350   22.0     0.00     0.00     0.00    0.00     0.0  0.000     0.0     0.0     0.0   0.000    0  270
 576 GUARATUB- 69  1  1  0 0.9850    6.0     5.70     2.20     0.00    0.00     0.0  0.000     0.0     0.0     0.0   0.000    0  271
 577 GUARICAN- 69  1  1  0 1.0430    9.0     0.10     0.10     0.00    0.00     0.0  0.000     0.0     0.0     0.0   0.000    0  272
 578 GUARICAN-GER  1  1  2 1.0190   13.0     0.00     0.00    39.00   13.00     0.0  1.019    16.5   -16.5     0.0   0.000  578  273
 579 GVA01GVA- 69  1  1  0 0.9990   12.0     0.00     0.00     0.00    0.00     0.0  0.000     0.0     0.0     0.0   0.000    0  274
 582 GVA01GVA-138  1  1  0 0.9610   12.0    30.30    12.30     0.00    0.00     0.0  0.000     0.0     0.0     0.0   0.096    0  275
 584 IBIPORA--138  1  1  0 1.0000    6.0    21.60     8.50     0.00    0.00     0.0  0.000     0.0     0.0     0.0   0.072    0  276
 585 IBIPORA--230  1  1  0 1.0080    9.0     0.00     0.00     0.00    0.00     0.0  0.000     0.0     0.0     0.0   0.000    0  277
 586 IRATI-GER138  1  1  0 0.9760   10.0    16.90     6.70     1.40    0.00     0.0  0.000     0.0     0.0     0.0   0.036    0  278
 588 IVAIPORA-138  1  1  0 0.9690    1.0    21.30     8.40     0.00    0.00     0.0  0.000     0.0     0.0     0.0   0.072    0  279
 592 JAGUARIA-230  1  1  0 0.9590   -4.0   110.00    52.30     0.00    0.00     0.0  0.000     0.0     0.0     0.0   0.480    0  280
 594 JMESQUITA 69  1  1  0 1.0000   18.0     0.00     0.00     0.00    0.00     0.0  0.000     0.0     0.0     0.0   0.000    0  281
 595 JMESQUIT-138  1  1  0 0.9870   22.0     0.00     0.00     0.00    0.00     0.0  0.000     0.0     0.0     0.0   0.000    0  282
 597 JOATAVOR-138  1  1  0 0.9830   -2.0    16.70     6.60     0.00    0.00     0.0  0.000     0.0     0.0     0.0   0.048    0  283
 599 LARDOSUL- 69  1  1  0 0.9860   13.0     7.20     2.90     0.80    0.00     0.0  0.000     0.0     0.0     0.0   0.036    0  284
 600 LNA01VCZ-138  1  1  0 0.9980    6.0    32.90    13.00    10.00    0.00     0.0  0.000     0.0     0.0     0.0   0.096    0  285
 602 LNA02LNA-138  1  1  0 1.0010    6.0    52.40    22.40     0.00    0.00     0.0  0.000     0.0     0.0     0.0   0.168    0  286
 603 LNA02LNA-230  1  1  0 1.0160    9.0     0.00     0.00     0.00    0.00     0.0  0.000     0.0     0.0     0.0   0.000    0  287
 604 LNA03JBA-138  1  1  0 0.9990    6.0    24.20     9.60     0.00    0.00     0.0  0.000     0.0     0.0     0.0   0.096    0  288
 605 LNA04RDV-138  1  1  0 0.9990    6.0    31.20    12.30     0.00    0.00     0.0  0.000     0.0     0.0     0.0   0.120    0  289
 606 LNA05IGA-138  1  1  0 0.9970    6.0    22.60     8.90     0.00    0.00     0.0  0.000     0.0     0.0     0.0   0.072    0  290
 607 LNA06OVR-138  1  1  0 0.9990    6.0    19.50     7.70     0.00    0.00     0.0  0.000     0.0     0.0     0.0   0.072    0  291
 608 LOANDA---138  1  1  0 0.9710    3.0    16.00     6.30     0.00    0.00     0.0  0.000     0.0     0.0     0.0   0.096    0  292
 612 MAMBORE--138  1  1  0 0.9870    9.0    15.00     5.90     0.00    0.00     0.0  0.000     0.0     0.0     0.0   0.036    0  293
 615 MANDAGUA-138  1  1  0 0.9920    6.0    18.20     7.20     0.00    0.00     0.0  0.000     0.0     0.0     0.0   0.048    0  294
 617 MATINHOS- 69  1  1  0 0.9810    6.0     7.60     3.00     0.00    0.00     0.0  0.000     0.0     0.0     0.0   0.000    0  295
 618 MCRONDON-138  1  1  0 0.9770   16.0    31.40    12.40     0.00    0.00     0.0  0.000     0.0     0.0     0.0   0.096    0  296
 619 MEDIANEI-138  1  1  0 0.9900   13.0    27.00    10.70     0.00    0.00     0.0  0.000     0.0     0.0     0.0   0.096    0  297
 620 MGA01JAL-138  1  1  0 0.9900    5.0    60.30    23.80     0.00    0.00     0.0  0.000     0.0     0.0     0.0   0.192    0  298
 621 MGA02MGA-138  1  1  0 1.0010    6.0    41.60    16.50     0.00    0.00     0.0  0.000     0.0     0.0     0.0   0.144    0  299
 622 MGA02MGA-230  1  1  0 0.9950    9.0     0.00     0.00     0.00    0.00     0.0  0.000     0.0     0.0     0.0   0.000    0  300
 623 MGA03FUT-138  1  1  0 0.9980    5.0     0.00     0.00     0.00    0.00     0.0  0.000     0.0     0.0     0.0   0.000    0  301
 624 MGA04IPA-230  1  1  0 0.9950    9.0    30.60    12.10     0.00    0.00     0.0  0.000     0.0     0.0     0.0   0.000    0  302
 625 MORRETES- 69  1  1  0 0.9980    6.0     6.60     2.60     4.00    0.00     0.0  0.000     0.0     0.0     0.0   0.024    0  303
 628 NLONDRIN-138  1  1  0 0.9690    3.0    10.50     4.20     0.00    0.00     0.0  0.000     0.0     0.0     0.0   0.024    0  304
 631 PALMEIRA-138  1  1  0 1.0000    8.0    10.70     4.20     0.00    0.00     0.0  0.000     0.0     0.0     0.0   0.036    0  305
 632 PALOTINA-138  1  1  0 0.9910   16.0    18.30     7.20     0.00    0.00     0.0  0.000     0.0     0.0     0.0   0.036    0  306
 633 PARANAG-- 69  1  1  0 1.0000    7.0     3.50     1.70     0.00    0.00     0.0  0.000     0.0     0.0     0.0   0.000    0  307
 634 PARANAG--138  1  1  0 0.9680   11.0    28.20    10.70     0.00    0.00     0.0  0.000     0.0     0.0     0.0   0.096    0  308
 635 PARANAVA-138  1  1  0 0.9650    2.0    28.80    11.40     0.00    0.00     0.0  0.000     0.0     0.0     0.0   0.072    0  309
 637 PATOBRAN-230  1  1  0 1.0000   21.0     0.00     0.00     0.00    0.00     0.0  0.000     0.0     0.0     0.0   0.000    0  310
 638 PATOBRAN- 69  1  1  0 0.9960   14.0    48.90    19.30     0.00    0.00     0.0  0.000     0.0     0.0     0.0   0.120    0  311
 639 PEROLA---138  1  1  0 0.9910   10.0    17.90     7.10     0.00    0.00     0.0  0.000     0.0     0.0     0.0   0.048    0  312
 640 PGO01PGN-138  1  1  0 1.0000    8.0     0.00     0.00     0.00    0.00     0.0  0.000     0.0     0.0     0.0   0.000    0  313
 641 PGO01PGN-230  1  1  0 0.9820   10.0    21.00     8.30     2.00    0.00     0.0  0.000     0.0     0.0     0.0   0.072    0  314
 645 PGO06PGS-138  1  1  0 1.0000    8.0     0.00     0.00     0.00    0.00     0.0  0.000     0.0     0.0     0.0   0.000    0  315
 646 PGO06PGS-230  1  1  0 0.9860   10.0    52.40    20.70     0.00    0.00     0.0  0.000     0.0     0.0     0.0   0.192    0  316
 647 PGO07SAA-138  1  1  0 0.9940    8.0    25.30    10.00     0.00    0.00     0.0  0.000     0.0     0.0     0.0   0.072    0  317
 649 PGO08BEL-138  1  1  0 1.0010    8.0    23.00     9.10     0.00    0.00     0.0  0.000     0.0     0.0     0.0   0.072    0  318
 650 PITANGA--138  1  1  0 0.9630    0.0     7.70     3.10     0.00    0.00     0.0  0.000     0.0     0.0     0.0   0.012    0  319
 651 PLESTE--- 69  1  1  0 0.9840    6.0     5.20     2.00     0.00    0.00     0.0  0.000     0.0     0.0     0.0   0.000    0  320
 656 QIGUACU-- 69  1  1  0 0.9880   16.0     5.10     2.00     0.00    0.00     0.0  0.000     0.0     0.0     0.0   0.012    0  321
 658 RBS01RBS- 69  1  1  0 0.9980    8.0    14.80     5.90     0.00    0.00     0.0  0.000     0.0     0.0     0.0   0.024    0  322
 659 RBS02FUT-230  1  1  0 0.9930   12.0     0.00     0.00     0.00    0.00     0.0  0.000     0.0     0.0     0.0   0.000    0  323
 660 RBS02FUT- 69  1  1  0 1.0000    9.0     8.40     4.10     0.00    0.00     0.0  0.000     0.0     0.0     0.0   0.000    0  324
 661 REALEZA--138  1  1  0 0.9870   25.0    25.00     9.90     0.00    0.00     0.0  0.000     0.0     0.0     0.0   0.072    0  325
 664 ROLANDIA-138  1  1  0 0.9970    6.0    13.80     5.50     0.00    0.00     0.0  0.000     0.0     0.0     0.0   0.036    0  326
 666 RIO AZUL-138  1  1  0 0.9780   10.0     8.20     3.20     0.00    0.00     0.0  0.000     0.0     0.0     0.0   0.024    0  327
 669 SAPLATIN-138  1  1  0 0.9800   -2.0    15.00     5.90     0.00    0.00     0.0  0.000     0.0     0.0     0.0   0.048    0  328
 670 SARANDI--138  1  1  0 0.9890    5.0    19.00     7.50     0.00    0.00     0.0  0.000     0.0     0.0     0.0   0.056    0  329
 671 SCAXIAS--138  1  1  0 1.0000   28.0    18.50     7.30     0.00    0.00     0.0  0.000     0.0     0.0     0.0   0.096    0  330
 672 S.CAXIAS-525  1  1  0 1.0400   31.0     0.00     0.00     0.00    0.00     0.0  0.000     0.0     0.0     0.0   0.000    0  331
 673 S.CAXIAS-GER  1  1  2 1.0190   35.0     0.00     0.00   675.00 -190.00     0.0  1.019 99977.0 -9977.0     0.0   0.000  673  332
 674 SEGREDO--GER  1  1  2 1.0460   34.0     0.00     0.00   750.00    1.66     0.0  1.046  9999.0 -9999.0     0.0   0.000  674  333
 676 SIDGUAIR-230  1  1  0 1.0010   12.0   182.00    50.00     0.00    0.00     0.0  0.000     0.0     0.0     0.0   0.000    0  334
 678 SMATEUS--230  1  1  0 0.9850   15.0    29.30    13.40     0.00    0.00     0.0  0.000     0.0     0.0     0.0   0.072    0  335
 679 SOCORRO--138  1  1  0 0.9710   14.0     7.60     3.00     0.00    0.00     0.0  0.000     0.0     0.0     0.0   0.024    0  336
 685 TELBORBA-138  1  1  0 0.9400   -8.0   122.00    51.70     0.00    0.00     0.0  0.000     0.0     0.0     0.0   0.500    0  337
 686 TOLEDO---138  1  1  0 0.9740   16.0    41.20    16.30     0.00    0.00     0.0  0.000     0.0     0.0     0.0   0.120    0  338
 690 UBIRATA--138  1  1  0 0.9740    7.0    20.70     8.20     0.80    0.00     0.0  0.000     0.0     0.0     0.0   0.048    0  339
 692 UMU01UMU-138  1  1  0 1.0000   11.0    39.40    15.60     0.00    0.00     0.0  0.000     0.0     0.0     0.0   0.120    0  340
 693 UMU01UMU-230  1  1  0 1.0060   14.0     0.00     0.00     0.00    0.00     0.0  0.000     0.0     0.0     0.0   0.000    0  341
 694 UMU02FUT-138  1  1  0 0.9980   11.0    11.10     4.40     0.00    0.00     0.0  0.000     0.0     0.0     0.0   0.048    0  342
 696 UVI01UVI-138  1  1  0 0.9870   14.0    28.60    11.30     0.00    0.00     0.0  0.000     0.0     0.0     0.0   0.096    0  343
 702 CHARQUEA-GER  1  1  2 1.0160   19.0     0.00     0.00    60.00   19.00     0.0  1.016    19.0   -21.0     0.0   0.000  702  344
 704 JLACERDAAGER  1  1  2 1.0290   17.0     0.00     0.00    90.00   14.30     0.0  1.029  1090.0 -1090.0     0.0   0.000  704  345
 705 JLACERDABGER  1  1  2 1.0290   22.0     0.00     0.00   120.00   19.50     0.0  1.029  1140.0 -1060.0     0.0   0.000  705  346
 706 JLACERDACGER  1  1  2 1.0290   23.0     0.00     0.00   220.00   32.70     0.0  1.029  1188.0 -1188.0     0.0   0.000  706  347
 707 JLACERDADGER  1  1  2 1.0290   18.0     0.00     0.00   315.00  140.00     0.0  1.029   300.0  -300.0     0.0   0.000  707  348
 710 PFUNDO-13GER  1  1  2 1.0490   22.0     0.00     0.00   200.00   89.80     0.0  1.049  1130.0 -1130.0     0.0   0.000  710  349
 711 GARABI---GER  1  1  2 1.0140   57.0     0.00     0.00   540.00   99.10     0.0  1.014 99999.0 -9999.0     0.0   0.000  711  350
 712 SOSRIO-13GER  1  1  2 1.0390   34.0     0.00     0.00   940.00   78.70     0.0  1.039  1010.0 -1010.0     0.0   0.000  712  351
 713 GARABI---230  1  1  0 1.0150   36.0     0.00     0.00     0.00    0.00     0.0  0.000     0.0     0.0     0.0   0.000    0  352
 714 SSANTIAGAGER  1  1  2 1.0390   37.0     0.00     0.00  1100.00   -5.41     0.0  1.039   600.0  -600.0     0.0   0.000  714  353
 718 I.GRANDE-GER  1  1  2 1.0190   31.0     0.00     0.00   720.00  -12.10     0.0  1.019 99989.0 -9999.0     0.0   0.000  718  354
 720 MACHADIN-525  1  1  2 1.0340   28.0     0.00     0.00  1080.00 -124.00     0.0  1.034 99989.0 -9999.0     0.0   0.000  720  355
 722 ITA------525  1  1  2 1.0390   28.0     0.00     0.00   675.00  -73.20     0.0  1.039 99999.0 -9999.0     0.0  -1.500  722  356
 723 C.NOVOS  230  1  1  0 1.0290   17.0     0.00     0.00     0.00    0.00     0.0  0.000     0.0     0.0     0.0   0.000    0  357
 732 CURITIBA 525  1  1  0 0.9910   17.0     0.00     0.00     0.00    0.00     0.0  0.000     0.0     0.0     0.0  -1.500    0  358
 733 BLUMENAU-525  1  1  0 0.9860   15.0     0.00     0.00     0.00    0.00     0.0  0.000     0.0     0.0     0.0   0.000    0  359
 734 BLUMENAU 230  1  1  0 0.9950   13.0     0.00     0.00     0.00    0.00     0.0  0.000     0.0     0.0     0.0   0.000    0  360
 735 BLUMENAU-138  1  1  0 1.0200    8.0     0.00     0.00     0.00    0.00     0.0  0.000     0.0     0.0     0.0   0.000    0  361
 736 CNOVOS---525  1  1  0 1.0290   24.0     0.00     0.00     0.00    0.00     0.0  0.000     0.0     0.0     0.0  -1.000    0  362
 739 CURITIB--230  1  1  0 1.0110   14.0     0.00     0.00     0.00    0.00     0.0  0.000     0.0     0.0     0.0   0.000    0  363
 742 C.LARGO--525  1  1  0 1.0010   18.0     0.00     0.00     0.00    0.00     0.0  0.000     0.0     0.0     0.0  -1.500    0  364
 743 C.LARGO  230  1  1  0 1.0170   15.6     0.00     0.00     0.00    0.00     0.0  0.000     0.0     0.0     0.0   0.000    0  365
 748 FAREIA---525  1  1  0 1.0410   26.4     0.00     0.00     0.00    0.00     0.0  0.000     0.0     0.0     0.0   0.000    0  366
 749 FAREIA---230  1  1  0 1.0280   24.0     0.00     0.00     0.00    0.00     0.0  0.000     0.0     0.0     0.0   0.000    0  367
 750 GRAVATAI-525  1  1  0 0.9730   14.0     0.00     0.00     0.00    0.00     0.0  0.000     0.0     0.0     0.0   0.000    0  368
 751 GRAV--00--AA  1  1  0 0.9680   13.0     0.00     0.00     0.00    0.00     0.0  0.000     0.0     0.0     0.0   0.000    0  369
 752 I.GRANDE-525  1  1  0 1.0230   27.0     0.00     0.00     0.00    0.00     0.0  0.000     0.0     0.0     0.0  -3.000    0  370
 753 GRAV--00--BB  1  1  0 0.9680   13.0     0.00     0.00     0.00    0.00     0.0  0.000     0.0     0.0     0.0   0.000    0  371
 754 I.GRANDE 230  1  1  0 1.0400   23.0     0.00     0.00     0.00    0.00     0.0  0.000     0.0     0.0     0.0   0.000    0  372
 755 IG.ELDOR-138  1  1  0 1.0010   22.0     0.00     0.00     0.00    0.00     0.0  0.000     0.0     0.0     0.0   0.000    0  373
 757 GRAV--00--CC  1  1  0 0.9680   13.0     0.00     0.00     0.00    0.00     0.0  0.000     0.0     0.0     0.0   0.000    0  374
 760 IVAIPORA-525  1  1  0 1.0160   20.0     0.00     0.00     0.00    0.00     0.0  0.000     0.0     0.0     0.0  -2.000    0  375
 762 LONDRINA-525  1  1  0 1.0250   14.0     0.00     0.00     0.00    0.00     0.0  0.000     0.0     0.0     0.0  -1.500    0  376
 763 LONDRINA 230  1  1  0 1.0160   12.0     0.00     0.00     0.00    0.00     0.0  0.000     0.0     0.0     0.0   0.000    0  377
 766 SSANTIAG-525  1  1  0 1.0460   30.0     0.00     0.00     0.00    0.00     0.0  0.000     0.0     0.0     0.0   0.000    0  378
 768 JACUI----GER  1  1  2 1.0390   17.0     0.00     0.00   315.00  176.00     0.0  1.039  9999.0  -999.0     0.0   0.000  768  379
 769 JACUI----230  1  1  0 0.9910   12.0     0.00     0.00     0.00    0.00     0.0  0.000     0.0     0.0     0.0   0.000    0  380
 772 SEGREDO--525  1  1  0 1.0460   30.0     0.00     0.00     0.00    0.00     0.0  0.000     0.0     0.0     0.0   0.000    0  381
 776 CMOURAO--230  1  1  0 1.0080   14.0     0.00     0.00     0.00    0.00     0.0  0.000     0.0     0.0     0.0   0.000    0  382
 778 CANOINHAS230  1  1  0 0.9610   12.0     0.00     0.00     0.00    0.00     0.0  0.000     0.0     0.0     0.0   0.000    0  383
 780 CHARQUEA-230  1  1  0 0.9810   11.0     0.00     0.00     0.00    0.00     0.0  0.000     0.0     0.0     0.0   0.000    0  384
 782 FARROUPI-230  1  1  0 0.9670    9.0     0.00     0.00     0.00    0.00     0.0  0.000     0.0     0.0     0.0   0.000    0  385
 783 FARROU-A-000  1  1  0 0.9430    5.0     0.00     0.00     0.00    0.00     0.0  0.000     0.0     0.0     0.0   0.000    0  386
 784 FARROU-B-000  1  1  0 0.9430    5.0     0.00     0.00     0.00    0.00     0.0  0.000     0.0     0.0     0.0   0.000    0  387
 787 FORQUILH 230  1  1  0 0.9920   14.0     0.00     0.00     0.00    0.00     0.0  0.000     0.0     0.0     0.0   0.000    0  388
 794 JOINVILL-230  1  1  0 0.9610   10.0     0.00     0.00     0.00    0.00     0.0  0.000     0.0     0.0     0.0   0.000    0  389
 795 JOINVILLE138  1  1  0 0.9580    6.0     0.00     0.00     0.00    0.00     0.0  0.000     0.0     0.0     0.0   0.000    0  390
 797 JOINV-N  230  1  1  0 0.9650    9.0     0.00     0.00     0.00    0.00     0.0  0.000     0.0     0.0     0.0   0.000    0  391
 798 JOINV-N  138  1  1  0 0.9520    7.0     0.00     0.00     0.00    0.00     0.0  0.000     0.0     0.0     0.0   0.000    0  392
 800 JLACERD--230  1  1  0 1.0180   17.0     0.00     0.00     0.00    0.00     0.0  0.000     0.0     0.0     0.0   0.000    0  393
 802 JLACERDC-230  1  1  0 1.0190   17.0     0.00     0.00     0.00    0.00     0.0  0.000     0.0     0.0     0.0   0.000    0  394
 803 JLACERDA 138  1  1  0 1.0280   13.0     0.00     0.00     0.00    0.00     0.0  0.000     0.0     0.0     0.0   0.000    0  395
 805 HERVAL   230  1  1  0 1.0020   14.0     0.00     0.00     0.00    0.00     0.0  0.000     0.0     0.0     0.0   0.000    0  396
 808 PALHOCA--230  1  1  0 0.9800   12.0     0.00     0.00     0.00    0.00     0.0  0.000     0.0     0.0     0.0   0.000    0  397
 809 PALHOCA-E138  1  1  0 0.9920    7.0     0.00     0.00     0.00    0.00     0.0  0.000     0.0     0.0     0.0   0.000    0  398
 812 PFUNDO   230  1  1  0 1.0120   17.0     0.00     0.00     0.00    0.00     0.0  0.000     0.0     0.0     0.0   0.000    0  399
 814 P.FUNDO  138  1  1  0 1.0010   14.0     0.00     0.00     0.00    0.00     0.0  0.000     0.0     0.0     0.0   0.000    0  400
 820 SOSORIO--230  1  1  0 1.0350   28.0     0.00     0.00     0.00    0.00     0.0  0.000     0.0     0.0     0.0   0.000    0  401
 821 SOSORIO-- 69  1  1  0 1.0280   21.0     0.00     0.00     0.00    0.00     0.0  0.000     0.0     0.0     0.0   0.000    0  402
 824 SIDEROPO-230  1  1  0 0.9920   14.0     0.00     0.00     0.00    0.00     0.0  0.000     0.0     0.0     0.0   0.000    0  403
 826 XANXERE--230  1  1  0 0.9840   17.0     0.00     0.00     0.00    0.00     0.0  0.000     0.0     0.0     0.0   0.000    0  404
 827 XANXERE--000  1  1  0 0.9540   10.0     0.00     0.00     0.00    0.00     0.0  0.000     0.0     0.0     0.0   0.000    0  405
 830 XANXERE--138  1  1  0 1.0060   11.0     0.00     0.00     0.00    0.00     0.0  0.000     0.0     0.0     0.0   0.000    0  406
 833 ILHOTA---138  1  1  0 0.9710    5.0     0.00     0.00     0.00    0.00     0.0  0.000     0.0     0.0     0.0   0.000    0  407
 834 ILHOTA---000  1  1  0 0.9100    2.0     0.00     0.00     0.00    0.00     0.0  0.000     0.0     0.0     0.0   0.000    0  408
 835 ILHOTA---GER  1  1  2 0.8700    2.0     0.00     0.00     0.00    0.00     0.0  0.870     0.0     0.0     0.0   0.000  835  409
 838 IMBITUBA 138  1  1  0 0.9960    9.0    24.70     8.20     0.00    0.00     0.0  0.000     0.0     0.0     0.0   0.000    0  410
 851 ELDORADO-138  1  1  0 0.9910   21.0     0.00     0.00     0.00    0.00     0.0  0.000     0.0     0.0     0.0   0.000    0  411
 852 ELDORADO-000  1  1  0 1.0000   17.0     0.00     0.00     0.00    0.00     0.0  0.000     0.0     0.0     0.0   0.000    0  412
 853 eldorado  13  1  1  0 0.9960   17.0     2.70     1.20     0.00    0.00     0.0  0.000     0.0     0.0     0.0   0.000    0  413
 854 eldorado  34  1  1  0 1.0010   17.0    14.10     6.40     0.00    0.00     0.0  0.000     0.0     0.0     0.0   0.021    0  414
 855 f.ita.ir.138  1  1  0 0.9570    2.0    16.50     5.40     0.00    0.00     0.0  0.000     0.0     0.0     0.0   0.000    0  415
 856 P.PORA   138  1  1  0 0.9420    0.0     0.00     0.00     0.00    0.00     0.0  0.000     0.0     0.0     0.0   0.000    0  416
 863 p.pora    13  1  1  0 0.9780   -3.0    20.10     9.20     0.80    0.00     0.0  0.000     0.0     0.0     0.0   0.054    0  417
 894 IVINHEMA 000  1  1  0 0.9930    9.0     0.00     0.00     0.00    0.00     0.0  0.000     0.0     0.0     0.0   0.000    0  418
 895 ivinhema  69  1  1  0 0.9940    8.0    13.40     6.10     0.00    0.00     0.0  0.000     0.0     0.0     0.0   0.045    0  419
 896 ivinhema  13  1  1  0 0.9870    8.0     4.40     2.00     0.00    0.00     0.0  0.000     0.0     0.0     0.0   0.000    0  420
 897 ivinhema  34  1  1  0 1.0010    7.0     2.70     1.20     0.00    0.00     0.0  0.000     0.0     0.0     0.0   0.000    0  421
 901 n.andrad. 13  1  1  0 1.0010   22.0     7.30     3.30     0.00    0.00     0.0  0.000     0.0     0.0     0.0   0.000    0  422
 902 n.andrad. 34  1  1  0 0.9860   20.0     1.80     0.80     0.00    0.00     0.0  0.000     0.0     0.0     0.0   0.000    0  423
 905 d.maxwell 13  1  1  0 0.9790   -1.0    38.60    17.60     0.00    0.00     0.0  0.000     0.0     0.0     0.0   0.108    0  424
 906 DOUR.FIC.000  1  1  0 0.9930    1.0     0.00     0.00     0.00    0.00     0.0  0.000     0.0     0.0     0.0   0.000    0  425
 908 DOUR.FIC.000  1  1  0 0.9930    1.0     0.00     0.00     0.00    0.00     0.0  0.000     0.0     0.0     0.0   0.000    0  426
 910 d.nacoes  69  1  1  0 0.9940    1.0    32.70    14.90     0.00    0.00     0.0  0.000     0.0     0.0     0.0   0.105    0  427
 911 d.nacoes  13  1  1  0 1.0010   10.0    11.50     5.20     0.00    0.00     0.0  0.000     0.0     0.0     0.0   0.030    0  428
 918 maracaju  13  1  1  0 1.0010   -4.0     7.40     3.40     0.00    0.00     0.0  0.000     0.0     0.0     0.0   0.000    0  429
 919 MARACAJU--34  1  1  0 0.9930   -5.0     0.90     0.40     0.00    0.00     0.0  0.000     0.0     0.0     0.0   0.000    0  430
 920 S.GABRIEL138  1  1  0 0.9830   -8.0     0.00     0.00     0.00    0.00     0.0  0.000     0.0     0.0     0.0   0.000    0  431
 921 S.GAB.FIC000  1  1  0 0.9980  -10.0     0.00     0.00     0.00    0.00     0.0  0.000     0.0     0.0     0.0   0.000    0  432
 922 s.gabriel 13  1  1  0 0.9900  -11.0     4.50     2.10     0.00    0.00     0.0  0.000     0.0     0.0     0.0   0.000    0  433
 923 s.gabriel 34  1  1  0 0.9980  -10.0     4.60     2.10     0.00    0.00     0.0  0.000     0.0     0.0     0.0   0.018    0  434
 925 COXIM    138  1  1  0 0.9650  -10.0     0.00     0.00     0.00    0.00     0.0  0.000     0.0     0.0     0.0   0.000    0  435
 926 COXIM     13  1  1  0 1.0030  -13.0     7.20     3.30     0.00    0.00     0.0  0.000     0.0     0.0     0.0   0.000    0  436
 927 COXIM     34  1  1  0 0.9950  -17.0     4.80     2.20     0.00    0.00     0.0  0.000     0.0     0.0     0.0   0.018    0  437
 943 sanesul  138  1  1  0 1.0020   -4.0     0.30     0.10     0.00    0.00     0.0  0.000     0.0     0.0     0.0   0.000    0  438
 945 cg.cuiaba 13  1  1  0 1.0010   -9.0    34.10    15.50     0.00    0.00     0.0  0.000     0.0     0.0     0.0   0.120    0  439
 946 cg.spaulo 13  1  1  0 0.9840  -10.0    34.00    15.50     0.00    0.00     0.0  0.000     0.0     0.0     0.0   0.120    0  440
 947 cg.mcouto 13  1  1  0 1.0000   -8.0    37.30    17.00     0.00    0.00     0.0  0.000     0.0     0.0     0.0   0.216    0  441
 948 cg.centro 13  1  1  0 0.9910  -10.0    34.00    15.50     0.00    0.00     0.0  0.000     0.0     0.0     0.0   0.120    0  442
 949 cg.almoxa 13  1  1  0 0.9910  -10.0    57.40    26.20     0.00    0.00     0.0  0.000     0.0     0.0     0.0   0.120    0  443
 950 imbirussu 34  1  1  0 1.0000   -8.0     8.60     3.90     0.00    0.00     0.0  0.000     0.0     0.0     0.0   0.000    0  444
 957 quidauana 13  1  1  0 1.0010   -7.0    13.80     6.30     0.00    0.00     0.0  0.000     0.0     0.0     0.0   0.018    0  445
 958 quidauana 69  1  1  0 1.0030   -4.0     7.80     3.60     0.00    0.00     0.0  0.000     0.0     0.0     0.0   0.030    0  446
 959 quidauana 34  1  1  0 0.9900   -9.0     0.70     0.30     0.00    0.00     0.0  0.000     0.0     0.0     0.0   0.000    0  447
 965 PARANAIBA138  1  1  0 0.9700    0.0    30.70    14.00     0.00    0.00     0.0  0.000     0.0     0.0     0.0   0.090    0  448
 967 MIRANDA  000  1  1  0 1.0000   -6.0     0.00     0.00     0.00    0.00     0.0  0.000     0.0     0.0     0.0   0.000    0  449
 968 miranda   13  1  1  0 0.9930   -7.0     2.90     1.30     0.00    0.00     0.0  0.000     0.0     0.0     0.0   0.000    0  450
 969 miranda   34  1  1  0 0.9970   -6.0     1.70     0.80     0.00    0.00     0.0  0.000     0.0     0.0     0.0   0.000    0  451
 974 corumba   13  1  1  0 0.9850  -14.0    24.90    11.30     0.00    0.00     0.0  0.000     0.0     0.0     0.0   0.054    0  452
 976 DOURADOS 230  1  1  0 1.0110    9.0     0.00     0.00     0.00    0.00     0.0  0.000     0.0     0.0     0.0  -0.300    0  453
 977 DOUR.III 138  1  1  0 0.9920    5.0     0.00     0.00     0.00    0.00     0.0  0.000     0.0     0.0     0.0   0.000    0  454
 978 DOUR.II  138  1  1  0 0.9760    3.0     0.00     0.00     0.00    0.00     0.0  0.000     0.0     0.0     0.0   0.000    0  455
 979 DOURADOI 138  1  1  0 0.9750    3.0     0.00     0.00     0.00    0.00     0.0  0.000     0.0     0.0     0.0   0.000    0  456
 980 IVINHEMA 138  1  1  0 0.9710   12.0     0.00     0.00     0.00    0.00     0.0  0.000     0.0     0.0     0.0   0.000    0  457
 981 N.ANDRAD.138  1  1  0 0.9930   18.0     0.00     0.00     0.00    0.00     0.0  0.000     0.0     0.0     0.0   0.000    0  458
 982 MARACAJU 138  1  1  0 0.9810    0.0     0.00     0.00     0.00    0.00     0.0  0.000     0.0     0.0     0.0   0.000    0  459
 983 mimoso a ger  1  1  2 1.0290    5.0     1.50     0.70     9.50    0.39     0.0  1.029     4.4    -2.6     0.0   0.000  983  460
 984 MIMOSO B GER  1  1  2 1.0290    7.0     0.00     0.00    20.00    0.19     0.0  1.029    12.4    -7.4     0.0   0.000  984  461
 985 MIMOSO---138  1  1  0 1.0340    1.0     0.00     0.00     0.00    0.00     0.0  0.000     0.0     0.0     0.0   0.000    0  462
 986 CG-ESUL--138  1  1  2 1.0020   -4.0     0.00     0.00     0.00   -0.75     0.0  1.002 99999.0 -9999.0     0.0   0.000  986  463
 987 CG.CUIABA138  1  1  0 1.0020   -4.0     0.00     0.00     0.00    0.00     0.0  0.000     0.0     0.0     0.0   0.000    0  464
 988 CG-SPAULO138  1  1  0 0.9960   -4.0     0.00     0.00     0.00    0.00     0.0  0.000     0.0     0.0     0.0   0.000    0  465
 989 CG-MCOUTO138  1  1  0 1.0000   -4.0     0.00     0.00     0.00    0.00     0.0  0.000     0.0     0.0     0.0   0.000    0  466
 990 CG-CENTRO138  1  1  0 0.9960   -4.0     0.00     0.00     0.00    0.00     0.0  0.000     0.0     0.0     0.0   0.000    0  467
 991 CG-ALMOXA138  1  1  0 0.9910   -4.0     0.00     0.00     0.00    0.00     0.0  0.000     0.0     0.0     0.0   0.000    0  468
 992 IMBIRUCU 138  1  1  0 1.0040   -3.0     0.00     0.00     0.00    0.00     0.0  0.000     0.0     0.0     0.0   0.000    0  469
 993 IMBIRUCU 230  1  1  0 1.0080    0.0     0.00     0.00     0.00    0.00     0.0  0.000     0.0     0.0     0.0  -0.200    0  470
 994 QUIDAUANA138  1  1  0 1.0040   -3.0     0.00     0.00     0.00    0.00     0.0  0.000     0.0     0.0     0.0   0.000    0  471
 995 QUIDAUANA230  1  1  0 1.0340    0.0     0.00     0.00     0.00    0.00     0.0  0.000     0.0     0.0     0.0  -0.220    0  472
 996 MIRANDA--138  1  1  0 1.0090   -5.0     0.00     0.00     0.00    0.00     0.0  0.000     0.0     0.0     0.0   0.000    0  473
 998 m.coelho 138  1  1  0 1.0150   -9.0    17.00     5.60     0.00    0.00     0.0  0.000     0.0     0.0     0.0   0.000    0  474
 999 CORUMBA  138  1  1  0 1.0010  -10.0     0.00     0.00     0.00    0.00     0.0  0.000     0.0     0.0     0.0   0.000    0  475
1101 ADRIAN-1-TER  1  1  0 1.0860  -50.0     0.00     0.00     0.00    0.00     0.0  0.000     0.0     0.0     0.0   1.200    0  476
1102 ADRIAN-3-TER  1  1  0 1.1660  -50.0     0.00     0.00     0.00    0.00     0.0  0.000     0.0     0.0     0.0   0.300    0  477
1103 ANGRA----GER  1  1  2 1.0500  -33.0    29.40    13.80   538.00   59.00     0.0  1.050 99989.0 -9999.0     0.0   0.000 1103  478
1106 B.SUL----SIN  1  1  2 0.9850    2.0     0.00     0.00     0.00   41.90     0.0  0.985 99960.0 -9930.0     0.0   0.000 1106  479
1107 BANDEIRA-EST  1  1  2 1.0000    6.0     0.00     0.00     0.00  -13.10     0.0  1.000  9100.0 -9950.0     0.0   0.000 1107  480
1109 BGERAL---SIN  1  1  2 1.0000   -3.0     0.00     0.00     0.00    1.11     0.0  1.000  9040.0 -9020.0     0.0   0.000 1109  481
1110 C.PAULIS-TER  1  1  0 1.1440  -32.0     0.00     0.00     0.00    0.00     0.0  0.000     0.0     0.0     0.0   1.200    0  482
1112 ESTREITO-GER  1  1  2 1.0500   -2.0     0.00     0.00   800.00  183.00     0.0  1.050  9320.0 -9320.0     0.0   0.000 1112  483
1113 FUNIL----GER  1  1  2 1.0300  -42.0     0.00     0.00   195.00  134.00     0.0  1.030  9065.0 -9065.0     0.0   0.000 1113  484
1115 GRAJAU---SIN  1  1  2 0.9880  -52.0     0.00     0.00     0.00  -87.20     0.0  0.988  9400.0 -9200.0     0.0   0.000 1115  485
1117 ITAIPU---500  1  1  2 1.0090   35.0     0.00     0.00  5500.00  705.00     0.0  1.009  9999.0 -9999.0     0.0   0.000 1117  486
1120 ITUMBIAR-GER  1  1  2 1.0500   22.0     0.00     0.00  1800.00  398.00     0.0  1.050  9630.0 -9630.0     0.0   0.000 1120  487
1122 MARIMBON-GER  1  1  2 1.0400   12.0     0.00     0.00  1250.00  -30.70     0.0  1.040  9400.0 -9400.0     0.0   0.000 1122  488
1124 MASCAR-A-GER  1  1  2 1.0390   -3.0     0.00     0.00   200.00   21.10     0.0  1.039  9085.0 -9085.0     0.0   0.000 1124  489
1125 MASCAR-B-GER  1  1  2 1.0390   -4.0     0.00     0.00   170.00   65.80     0.0  1.039  9055.0 -9055.0     0.0   0.000 1125  490
1126 P.COLOMB-GER  1  1  2 1.0490    5.0     0.00     0.00   248.00   60.80     0.0  1.049  9070.0 -9070.0     0.0   0.000 1126  491
1130 S.MESA---GER  1  1  2 1.0010   11.0     0.00     0.00   600.00 -187.00     0.0  1.001  9999.0 -9999.0     0.0   0.000 1130  492
1131 S.ROQUE--345  1  1  2 0.9370   -6.0 -5053.00  2812.00     0.00  243.00     0.0  0.937 91200.0 -9600.0     0.0  27.440 1131  493
1132 SOUZALAN-220  1  1  2 1.0010   -4.0     0.00     0.00     0.00  -22.90     0.0  1.001  9960.0 -9930.0     0.0   0.000 1132  494
1134 T.PRETO--SIN  1  1  2 1.0530  -10.0     0.00     0.00     0.00  390.00     0.0  1.053  9600.0 -9300.0     0.0   0.000 1134  495
1136 T.PRETO--345  1  1  0 0.9410   -9.9     0.00     0.00     0.00    0.00     0.0  0.000     0.0     0.0     0.0  18.000    0  496
1137 VITORIA--SIN  1  1  2 1.0010  -56.0     0.00     0.00     0.00   -6.99     0.0  1.001  9120.0 -9060.0     0.0   0.000 1137  497
1138 VITORIA--TER  1  1  0 1.1120  -56.0    87.90   -38.30     0.00    0.00     0.0  0.000     0.0     0.0     0.0   0.900    0  498
1139 IT/TP-C1-750  1  1  0 0.9890   20.0     0.00     0.00     0.00    0.00     0.0  0.000     0.0     0.0     0.0   0.000    0  499
1140 IT/TP-C2-750  1  1  0 0.9890   20.0     0.00     0.00     0.00    0.00     0.0  0.000     0.0     0.0     0.0   0.000    0  500
1141 ITABERA--750  1  1  0 1.0070    9.0     0.00     0.00     0.00    0.00     0.0  0.000     0.0     0.0     0.0 -13.200    0  501
1142 IV/FO-C1-750  1  1  0 1.0130   11.0     0.00     0.00     0.00    0.00     0.0  0.000     0.0     0.0     0.0  -1.500    0  502
1143 IV/FO-C2-750  1  1  0 1.0130   11.0     0.00     0.00     0.00    0.00     0.0  0.000     0.0     0.0     0.0  -1.500    0  503
1144 IV/FO-C3-750  1  1  0 1.0130   11.0     0.00     0.00     0.00    0.00     0.0  0.000     0.0     0.0     0.0  -1.500    0  504
1145 IV/IT-C1-750  1  1  0 1.0180   27.0     0.00     0.00     0.00    0.00     0.0  0.000     0.0     0.0     0.0  -3.300    0  505
1146 IV/IT-C2-750  1  1  0 1.0180   27.0     0.00     0.00     0.00    0.00     0.0  0.000     0.0     0.0     0.0  -3.300    0  506
1147 IV/IT-C3-750  1  1  0 1.0180   27.0     0.00     0.00     0.00    0.00     0.0  0.000     0.0     0.0     0.0  -3.300    0  507
1148 IVAIPORA-000  1  1  0 1.0170   20.2     0.00     0.00     0.00    0.00     0.0  0.000     0.0     0.0     0.0   0.000    0  508
1149 IVAIPORA-750  1  1  0 1.0110   18.0     0.00     0.00     0.00    0.00     0.0  0.000     0.0     0.0     0.0  -6.600    0  509
1155 ADRIAN-1-000  1  1  0 1.0460  -50.0     0.00     0.00     0.00    0.00     0.0  0.000     0.0     0.0     0.0   0.000    0  510
1157 ADRIAN-3-000  1  1  0 1.1060  -50.0     0.00     0.00     0.00    0.00     0.0  0.000     0.0     0.0     0.0   0.000    0  511
1158 ADRIAN-3-000  1  1  0 1.1240  -50.0     0.00     0.00     0.00    0.00     0.0  0.000     0.0     0.0     0.0   0.000    0  512
1159 ADRIANOP-138  1  1  0 1.0460  -50.0   384.00    -0.57     0.00    0.00     0.0  0.000     0.0     0.0     0.0   0.000    0  513
1160 ADRIANOP-345  1  1  0 1.0310  -47.0     0.00     0.00     0.00    0.00     0.0  0.000     0.0     0.0     0.0   2.600    0  514
1161 ADRIANOP-500  1  1  0 1.0420  -43.0     0.00     0.00     0.00    0.00     0.0  0.000     0.0     0.0     0.0   0.000    0  515
1162 ANGRA----500  1  1  0 1.0450  -38.0     0.00     0.00     0.00    0.00     0.0  0.000     0.0     0.0     0.0   0.000    0  516
1163 ARARAQUA-500  1  1  0 1.0270   -4.0     0.00     0.00     0.00    0.00     0.0  0.000     0.0     0.0     0.0  -2.940    0  517
1164 B.GERAL-- 33  1  1  0 1.0000   -3.0    80.70    18.80     0.00    0.00     0.0  0.000     0.0     0.0     0.0   0.000    0  518
1165 B.GERAL--220  1  1  0 1.0220    0.0     0.00     0.00     0.00    0.00     0.0  0.000     0.0     0.0     0.0   0.000    0  519
1166 B.SUL----138  1  1  0 1.0110   -3.0   412.00   136.00     0.00    0.00     0.0  0.000     0.0     0.0     0.0   0.000    0  520
1167 B.SUL----220  1  1  0 1.0250    0.4     0.00     0.00     0.00    0.00     0.0  0.000     0.0     0.0     0.0   0.300    0  521
1168 B.SUL----345  1  1  0 1.0020    2.0     0.00     0.00     0.00    0.00     0.0  0.000     0.0     0.0     0.0   0.000    0  522
1169 BANDEIRA-220  1  1  0 1.0140    4.0   400.00   127.00     0.00    0.00     0.0  0.000     0.0     0.0     0.0   0.000    0  523
1170 BANDEIRA-345  1  1  0 1.0160    7.0     0.00     0.00     0.00    0.00     0.0  0.000     0.0     0.0     0.0  -0.600    0  524
1171 BGERAL-1-000  1  1  0 1.0000   -3.0     0.00     0.00     0.00    0.00     0.0  0.000     0.0     0.0     0.0   0.000    0  525
1172 BGERAL-2-000  1  1  0 1.0000   -3.0     0.00     0.00     0.00    0.00     0.0  0.000     0.0     0.0     0.0   0.000    0  526
1173 BRASLAND-345  1  1  0 1.0080    3.0     0.00     0.00     0.00    0.00     0.0  0.000     0.0     0.0     0.0   0.000    0  527
1174 BRASLAND-500  1  1  0 1.0100    5.0     0.00     0.00     0.00    0.00     0.0  0.000     0.0     0.0     0.0  -2.720    0  528
1175 C.PAULIS-000  1  1  0 1.0450  -32.0     0.00     0.00     0.00    0.00     0.0  0.000     0.0     0.0     0.0   0.000    0  529
1176 C.PAULIS-138  1  1  0 1.0240  -32.0     0.00     0.00     0.00    0.00     0.0  0.000     0.0     0.0     0.0   0.000    0  530
1177 C.PAULIS-500  1  1  0 1.0320  -29.0     0.00     0.00     0.00    0.00     0.0  0.000     0.0     0.0     0.0   0.000    0  531
1178 CAMPIN-3-000  1  1  0 1.0060  -20.0     0.00     0.00     0.00    0.00     0.0  0.000     0.0     0.0     0.0   0.000    0  532
1179 CAMPINAS-345  1  1  0 0.9360  -16.0   461.00   169.00     0.00    0.00     0.0  0.000     0.0     0.0     0.0   0.000    0  533
1180 CAMPINAS-500  1  1  0 1.0180  -13.0     0.00     0.00     0.00    0.00     0.0  0.000     0.0     0.0     0.0  -0.730    0  534
1181 CAMPOS---345  1  1  2 1.0410  -55.0   279.00   -27.40     0.00  -21.90     0.0  1.041  9100.0 -9100.0     0.0  -1.200 1181  535
1182 CFLCL----138  1  1  0 1.0550  -54.0    53.90   -35.50     0.00    0.00     0.0  0.000     0.0     0.0     0.0   0.000    0  536
1183 ESTREITO-345  1  1  0 1.0360   -6.0     0.00     0.00     0.00    0.00     0.0  0.000     0.0     0.0     0.0   0.000    0  537
1184 FOZ------750  1  1  0 1.0000   30.0     0.00     0.00     0.00    0.00     0.0  0.000     0.0     0.0     0.0  -9.900    0  538
1185 FUNIL----138  1  1  0 0.9820  -46.0   454.00   108.00     0.00    0.00     0.0  0.000     0.0     0.0     0.0   0.000    0  539
1186 FURNAS---345  1  1  0 1.0340  -14.0     0.00     0.00     0.00    0.00     0.0  0.000     0.0     0.0     0.0   0.000    0  540
1187 GRAJAU---138  1  1  0 1.0010  -52.0  2002.00   206.00     0.00    0.00     0.0  0.000     0.0     0.0     0.0   0.000    0  541
1188 GRAJAU---500  1  1  0 1.0250  -47.0     0.00     0.00     0.00    0.00     0.0  0.000     0.0     0.0     0.0   0.000    0  542
1189 GUARULHO-345  1  1  0 0.9400  -16.0     0.00     0.00     0.00    0.00     0.0  0.000     0.0     0.0     0.0   0.000    0  543
1190 IT/TP-C3-750  1  1  0 0.9890   20.0     0.00     0.00     0.00    0.00     0.0  0.000     0.0     0.0     0.0   0.000    0  544
1191 ITAORNA--138  1  1  0 1.0010  -59.0    58.40    11.70     0.00    0.00     0.0  0.000     0.0     0.0     0.0   0.350    0  545
1192 ITUMBI-2-000  1  1  0 1.0410   15.0     0.00     0.00     0.00    0.00     0.0  0.000     0.0     0.0     0.0   0.000    0  546
1193 ITUMBI-3-000  1  1  0 1.0500   14.8     0.00     0.00     0.00    0.00     0.0  0.000     0.0     0.0     0.0   0.000    0  547
1194 ITUMBIAR-220  1  1  0 1.0410   15.0  -380.00    75.60     0.00    0.00     0.0  0.000     0.0     0.0     0.0   0.000    0  548
1195 ITUMBIAR-345  1  1  0 1.0500   14.5     0.00     0.00     0.00    0.00     0.0  0.000     0.0     0.0     0.0  -0.960    0  549
1196 ITUMBIAR-500  1  1  0 1.0800   16.0     0.00     0.00     0.00    0.00     0.0  0.000     0.0     0.0     0.0  -0.910    0  550
1197 ITUTINGA-345  1  1  0 1.0310  -32.0   250.00   -77.20     0.00    0.00     0.0  0.000     0.0     0.0     0.0   0.000    0  551
1198 JACAREPA-138  1  1  0 0.9990  -53.0   807.00   134.00     0.00    0.00     0.0  0.000     0.0     0.0     0.0   2.000    0  552
1199 JACAREPA-345  1  1  0 1.0400  -49.0     0.00     0.00     0.00    0.00     0.0  0.000     0.0     0.0     0.0   2.000    0  553
1200 LUCAS----500  1  1  0 1.0320  -45.0   612.00    81.20     0.00    0.00     0.0  0.000     0.0     0.0     0.0   0.000    0  554
1201 MAGE-----345  1  1  0 1.0370  -49.0   235.00     6.00     0.00    0.00     0.0  0.000     0.0     0.0     0.0   0.000    0  555
1202 MARIMBON-000  1  1  0 1.0160    3.0     0.00     0.00     0.00    0.00     0.0  0.000     0.0     0.0     0.0   0.000    0  556
1203 MARIMBON-345  1  1  0 1.0350    5.0     0.00     0.00     0.00    0.00     0.0  0.000     0.0     0.0     0.0   0.000    0  557
1204 MARIMBON-500  1  1  0 1.0460    7.0     0.00     0.00     0.00    0.00     0.0  0.000     0.0     0.0     0.0   0.000    0  558
1205 MASCAREN-138  1  1  0 1.0550  -10.0   323.00    32.80     0.00    0.00     0.0  0.000     0.0     0.0     0.0   0.000    0  559
1206 MASCAREN-345  1  1  0 1.0340   -8.0     0.00     0.00     0.00    0.00     0.0  0.000     0.0     0.0     0.0   0.000    0  560
1207 MOGI-----230  1  1  0 1.0310  -17.0     0.00     0.00     0.00    0.00     0.0  0.000     0.0     0.0     0.0  -0.900    0  561
1208 MOGI-----345  1  1  0 0.9360  -14.0     0.00     0.00     0.00    0.00     0.0  0.000     0.0     0.0     0.0   0.000    0  562
1209 N.IGUACU-500  1  1  0 1.0380  -44.0     0.00     0.00     0.00    0.00     0.0  0.000     0.0     0.0     0.0   0.000    0  563
1210 NIQUELAN-220  1  1  0 1.0000   -3.0   110.00     1.75     0.00    0.00     0.0  0.000     0.0     0.0     0.0   0.000    0  564
1211 P.COLOMB-138  1  1  0 1.0510    1.0   218.00    56.00     0.00    0.00     0.0  0.000     0.0     0.0     0.0   0.000    0  565
1212 P.COLOMB-345  1  1  0 1.0360    3.0     0.00     0.00     0.00    0.00     0.0  0.000     0.0     0.0     0.0   0.000    0  566
1213 POCOS----345  1  1  0 0.9760  -15.0   484.00   259.00     0.00    0.00     0.0  0.000     0.0     0.0     0.0   0.000    0  567
1214 POCOS----500  1  1  0 1.0390  -16.0     0.00     0.00     0.00    0.00     0.0  0.000     0.0     0.0     0.0  -1.360    0  568
1215 POCOS--3-000  1  1  0 1.0710  -14.0     0.00     0.00     0.00    0.00     0.0  0.000     0.0     0.0     0.0   0.000    0  569
1217 R.VERD-1-000  1  1  0 1.0100    8.0    75.70    28.10     0.00    0.00     0.0  0.000     0.0     0.0     0.0   0.000    0  570
1218 R.VERDE--220  1  1  0 1.0350   11.0     4.36   -50.50     0.00    0.00     0.0  0.000     0.0     0.0     0.0  -0.300    0  571
1219 S.CRUZ---138  1  1  0 0.9900  -56.0   341.00   -25.70     0.00    0.00     0.0  0.000     0.0     0.0     0.0   0.000    0  572
1220 S.MESA---138  1  1  0 1.0110    2.0    90.80     6.82     0.00    0.00     0.0  0.000     0.0     0.0     0.0   0.018    0  573
1221 S.MESA---230  1  1  0 1.0200    6.0     0.00     0.00     0.00    0.00     0.0  0.000     0.0     0.0     0.0   0.000    0  574
1222 S.MESA---500  1  1  0 1.0200    8.0     0.00     0.00     0.00    0.00     0.0  0.000     0.0     0.0     0.0   0.000    0  575
1223 S.ROQUE--500  1  1  0 1.0000   -9.0     0.00     0.00     0.00    0.00     0.0  0.000     0.0     0.0     0.0   0.000    0  576
1224 SOUZALAN- 69  1  1  0 0.9560  -15.0   106.00    16.00     0.00    0.00     0.0  0.000     0.0     0.0     0.0   0.000    0  577
1225 SOUZALAN-138  1  1  0 1.0060  -11.0    53.90    -1.98     0.00    0.00     0.0  0.000     0.0     0.0     0.0   0.250    0  578
1226 T.PRE-32-000  1  1  0 1.0240  -10.0     0.00     0.00     0.00    0.00     0.0  0.000     0.0     0.0     0.0   0.000    0  579
1227 T.PRET-3-000  1  1  0 1.0210  -10.0     0.00     0.00     0.00    0.00     0.0  0.000     0.0     0.0     0.0   0.000    0  580
1228 T.PRET-5-000  1  1  0 0.9710   -5.0     0.00     0.00     0.00    0.00     0.0  0.000     0.0     0.0     0.0   0.000    0  581
1229 T.PRETO--500  1  1  0 1.0230  -16.0     0.00     0.00     0.00    0.00     0.0  0.000     0.0     0.0     0.0   0.000    0  582
1230 T.PRETO--750  1  1  0 0.9730   -2.0     0.00     0.00     0.00    0.00     0.0  0.000     0.0     0.0     0.0  -9.900    0  583
1231 T/12-----500  1  1  0 1.0250  -17.0     0.00     0.00     0.00    0.00     0.0  0.000     0.0     0.0     0.0   0.000    0  584
1232 VITORIA--345  1  1  0 1.0100  -56.0   384.00   381.00     0.00    0.00     0.0  0.000     0.0     0.0     0.0  -1.200    0  585
1233 VITORIA--500  1  1  0 1.0820  -49.0   232.00  -260.00     0.00    0.00     0.0  0.000     0.0     0.0     0.0  -1.360    0  586
1239 A.LAYDNE-GER  1  1  2 1.0460   -1.0     0.00     0.00    69.00   31.10     0.0  1.046  9025.0 -9025.0     0.0   0.000 1239  587
1240 A.S.OLIV-GER  1  1  2 1.0210  -14.0    19.50     6.37    18.00    6.11     0.0  1.021  9010.0 -9010.0     0.0   0.000 1240  588
1241 A.VERMEL-440  1  1  2 1.0440   12.0     0.00     0.00  1240.00 -264.00     0.0  1.044  9999.0 -9999.0     0.0   0.000 1241  589
1242 AVANHAND-GER  1  1  2 1.0510    3.0     0.00     0.00   280.00   86.10     0.0  1.051  9100.0 -9100.0     0.0   0.000 1242  590
1243 B.BONITA-GER  1  1  2 1.0440  -15.0    81.40    37.30    98.00   49.60     0.0  1.044  9040.0 -9040.0     0.0   0.000 1243  591
1244 CABREUVA-TER  1  1  0 1.0330  -18.0     0.00     0.00     0.00    0.00     0.0  0.000     0.0     0.0     0.0   1.500    0  592
1245 CACONDE--GER  1  1  2 1.0190  -12.0    54.80    11.40    61.00   12.10     0.0  1.019  9020.0 -9020.0     0.0   0.000 1245  593
1246 CANOAS---230  1  1  2 1.0290   11.0     0.00     0.00   270.00   -8.46     0.0  1.029  9999.0 -9999.0     0.0   0.000 1246  594
1247 CAPIVARA-GER  1  1  2 1.0340   24.0     0.00     0.00   580.00   49.90     0.0  1.034  9200.0 -9200.0     0.0   0.000 1247  595
1248 E.CUNHA--GER  1  1  2 1.0190  -14.0    92.90   -10.20    76.00    8.10     0.0  1.019  9030.0 -9030.0     0.0   0.000 1248  596
1249 EMBU-----440  1  1  2 1.0270  -15.0     0.09    10.90     0.00  -99.60     0.0  1.027  9275.0 -9175.0     0.0   0.000 1249  597
1250 I.SOLTEI-440  1  1  2 1.0440   15.0     0.00     0.00  2200.00 -394.00     0.0  1.044  9999.0 -9999.0     0.0   0.000 1250  598
1251 IBITINGA-GER  1  1  2 1.0490  -11.0     0.00     0.00    92.00   40.90     0.0  1.049  9040.0 -9040.0     0.0   0.000 1251  599
1252 IGUAPE-- 440  1  1  0 1.0420  -15.0     0.00     0.00     0.00    0.00     0.0  0.000     0.0     0.0     0.0   0.000    0  600
1253 JUPIA----440  1  1  2 1.0440   16.0     0.00     0.00  1080.00 -212.00     0.0  1.044  9999.0 -9999.0     0.0   0.000 1253  601
1254 JUPIA-A--GER  1  1  2 1.0290   12.0     0.00     0.00   140.00  -39.30     0.0  1.029  9060.0 -9060.0     0.0   0.000 1254  602
1255 L.GARCEZ-GER  1  1  2 1.0490    3.0     0.00     0.00    50.00   35.50     0.0  1.049  9020.0 -9020.0     0.0   0.000 1255  603
1256 M.A.LIMA-GER  1  1  2 1.0490  -14.0    69.00    19.40    98.00   36.50     0.0  1.049  9040.0 -9040.0     0.0   0.000 1256  604
1257 P.PRIMAV-440  1  1  2 1.0440   23.0     0.00     0.00  1100.00 -192.00     0.0  1.044  9999.0 -9999.0     0.0   0.000 1257  605
1258 PROMISSA-GER  1  1  2 1.0490   -3.0     0.00     0.00   185.00   89.90     0.0  1.049  9080.0 -9080.0     0.0   0.000 1258  606
1259 ROSANA---GER  1  1  2 1.0210   28.0     0.00     0.00   225.00  -22.70     0.0  1.021  9999.0 -9999.0     0.0   0.000 1259  607
1260 S.ANGELO-440  1  1  2 1.0310  -15.0     4.86    58.30     0.00  -77.20     0.0  1.031  9275.0 -9175.0     0.0   0.000 1260  608
1261 T.IRMAOS-440  1  1  2 1.0440   15.0     0.00     0.00   540.00  -66.50     0.0  1.044  9999.0 -9999.0     0.0   0.000 1261  609
1262 TAQUARUC-GER  1  1  2 1.0210   26.0     0.00     0.00   425.00  -43.20     0.0  1.021  9999.0 -9999.0     0.0   0.000 1262  610
1263 XAVANTES-GER  1  1  2 1.0440    3.0     0.00     0.00   290.00  101.00     0.0  1.044  9120.0 -9120.0     0.0   0.000 1263  611
1269 A.VERMEL-500  1  1  0 1.0510   12.0     0.00     0.00     0.00    0.00     0.0  0.000     0.0     0.0     0.0   0.000    0  612
1270 ARARAQUA-440  1  1  0 1.0050   -5.0   506.00   137.00     0.00    0.00     0.0  0.000     0.0     0.0     0.0  -5.400    0  613
1271 BAURU----440  1  1  0 1.0130   -1.0   200.00    60.80     0.00    0.00     0.0  0.000     0.0     0.0     0.0  -7.200    0  614
1272 BOTUCATU-230  1  1  0 1.0000  -13.0     0.00     0.00     0.00    0.00     0.0  0.000     0.0     0.0     0.0   0.000    0  615
1273 C.BONITO-230  1  1  0 0.9650  -16.0    60.40    69.90     0.00    0.00     0.0  0.000     0.0     0.0     0.0   0.000    0  616
1274 CABREUVA-000  1  1  0 1.0170  -18.0     0.00     0.00     0.00    0.00     0.0  0.000     0.0     0.0     0.0   0.000    0  617
1275 CABREUVA-230  1  1  0 1.0380  -18.0     0.00     0.00     0.00    0.00     0.0  0.000     0.0     0.0     0.0   0.000    0  618
1276 CABREUVA-440  1  1  0 1.0160  -16.0    21.80    25.40     0.00    0.00     0.0  0.000     0.0     0.0     0.0   0.000    0  619
1277 CONCHAL--440  1  1  0 1.0000  -12.0   442.00   200.00     0.00    0.00     0.0  0.000     0.0     0.0     0.0   0.000    0  620
1278 ITAPEVA--230  1  1  0 1.0020   -8.0    70.70     4.59     0.00    0.00     0.0  0.000     0.0     0.0     0.0   0.000    0  621
1279 JUNDIAI--440  1  1  0 1.0140  -16.0    71.40    30.00     0.00    0.00     0.0  0.000     0.0     0.0     0.0   0.000    0  622
1280 R.PRETO--440  1  1  0 0.9760   -8.0   462.00   143.00     0.00    0.00     0.0  0.000     0.0     0.0     0.0  -1.800    0  623
1281 S.BARBAR-440  1  1  0 0.9940  -11.0   622.00   310.00     0.00    0.00     0.0  0.000     0.0     0.0     0.0   0.000    0  624
1282 SALTINHO-440  1  1  0 1.0100  -12.0   144.00    70.40     0.00    0.00     0.0  0.000     0.0     0.0     0.0   0.000    0  625
1283 SUMARE---440  1  1  0 0.9910  -12.0   212.00    67.20     0.00    0.00     0.0  0.000     0.0     0.0     0.0   0.000    0  626
1284 T.OESTE--440  1  1  0 1.0260  -12.0     0.00     0.00     0.00    0.00     0.0  0.000     0.0     0.0     0.0   0.000    0  627
1285 TAUBATE--440  1  1  0 1.0320  -20.0     0.00     0.00     0.00    0.00     0.0  0.000     0.0     0.0     0.0   0.000    0  628
1286 TAUBATE--500  1  1  0 1.0240  -23.0     0.00     0.00     0.00    0.00     0.0  0.000     0.0     0.0     0.0   0.000    0  629
1292 A.LAYDNE-138  1  1  0 1.0270   -9.0     0.00     0.00     0.00    0.00     0.0  0.000     0.0     0.0     0.0   0.000    0  630
1293 ALPARGAT-138  1  1  0 1.0040  -20.0     4.90     1.41     0.00    0.00     0.0  0.000     0.0     0.0     0.0   0.000    0  631
1294 ASSIS---- 88  1  1  0 1.0030    2.0    37.50    13.70     0.00    0.00     0.0  0.000     0.0     0.0     0.0   0.000    0  632
1295 BOTUCA(+)138  1  1  0 1.0200  -18.0   180.00    18.60     0.00    0.00     0.0  0.000     0.0     0.0     0.0   0.000    0  633
1296 BOTUCATU- 88  1  1  0 0.9820  -22.0    25.70     9.23     0.00    0.00     0.0  0.000     0.0     0.0     0.0   0.000    0  634
1297 ITAI(SC)-138  1  1  0 1.0130  -13.0    54.50   -22.70     0.00    0.00     0.0  0.000     0.0     0.0     0.0   0.000    0  635
1298 ITAPET-2-138  1  1  0 0.9930  -20.0    97.30   -22.50     0.00    0.00     0.0  0.000     0.0     0.0     0.0   0.000    0  636
1299 LARANJAL-138  1  1  0 1.0210  -19.0    14.90     3.48     0.00    0.00     0.0  0.000     0.0     0.0     0.0   0.000    0  637
1300 TATUI-2--138  1  1  0 1.0080  -20.0    16.40     3.67     0.00    0.00     0.0  0.000     0.0     0.0     0.0   0.000    0  638
1301 TIETE----138  1  1  0 1.0210  -19.0   153.00   -98.30     0.00    0.00     0.0  0.000     0.0     0.0     0.0   0.000    0  639
1302 XAVANTES- 88  1  1  0 0.9910   -4.0    25.00     5.74     0.00    0.00     0.0  0.000     0.0     0.0     0.0   0.000    0  640
1308 T.IRMAOS 138  1  1  0 1.0020    2.0     0.00     0.00     0.00    0.00     0.0  0.000     0.0     0.0     0.0   0.000    0  641
1309 A.VERMEL-138  1  1  0 1.0490    8.0    21.20     4.39     0.00    0.00     0.0  0.000     0.0     0.0     0.0   0.000    0  642
1310 ANDRADIN-138  1  1  0 1.0210    6.0    21.00     5.46     0.00    0.00     0.0  0.000     0.0     0.0     0.0   0.000    0  643
1311 ARACAT(+)138  1  1  0 0.9850   -2.0   125.00    30.10     0.00    0.00     0.0  0.000     0.0     0.0     0.0   0.000    0  644
1312 AVANHAND-138  1  1  0 1.0160   -2.0    25.30     2.85     0.00    0.00     0.0  0.000     0.0     0.0     0.0   0.000    0  645
1313 CARDOSO--138  1  1  0 1.0120    2.0    23.60     6.37     0.00    0.00     0.0  0.000     0.0     0.0     0.0   0.000    0  646
1314 CATANDUV-138  1  1  0 0.9770  -14.0   220.00   -16.50     0.00    0.00     0.0  0.000     0.0     0.0     0.0   0.000    0  647
1315 FERNANDO-138  1  1  0 0.9970    0.5    25.00     6.03     0.00    0.00     0.0  0.000     0.0     0.0     0.0   0.000    0  648
1316 I.SOLTEI-138  1  1  0 1.0160    5.0     8.66     2.45     0.00    0.00     0.0  0.000     0.0     0.0     0.0   0.000    0  649
1317 IBITIN(+)138  1  1  0 1.0200  -15.0   106.00     8.19     0.00    0.00     0.0  0.000     0.0     0.0     0.0   0.000    0  650
1318 JALES----138  1  1  0 1.0080    3.0    51.10    12.50     0.00    0.00     0.0  0.000     0.0     0.0     0.0   0.000    0  651
1319 MIRANDOP-138  1  1  0 1.0050    3.0    14.30     3.39     0.00    0.00     0.0  0.000     0.0     0.0     0.0   0.000    0  652
1320 P.BARRET-138  1  1  0 1.0120    4.0    12.80     3.01     0.00    0.00     0.0  0.000     0.0     0.0     0.0   0.000    0  653
1321 P.OESTE--138  1  1  0 1.0110    3.0     9.98     2.45     0.00    0.00     0.0  0.000     0.0     0.0     0.0   0.000    0  654
1322 PENAPL(+)138  1  1  0 1.0160   -5.0    45.80     3.24     0.00    0.00     0.0  0.000     0.0     0.0     0.0   0.000    0  655
1323 PROMIS(-)138  1  1  0 1.0200   -7.0    81.70     8.51     0.00    0.00     0.0  0.000     0.0     0.0     0.0   0.000    0  656
1324 SJRPRT(+)138  1  1  0 0.9510  -12.0   280.00    42.80     0.00    0.00     0.0  0.000     0.0     0.0     0.0   0.000    0  657
1325 UBARAN(+)138  1  1  0 1.0070   -9.0    53.70    13.20     0.00    0.00     0.0  0.000     0.0     0.0     0.0   0.000    0  658
1326 V.VENT(+)138  1  1  0 0.9620  -13.0     9.45     2.42     0.00    0.00     0.0  0.000     0.0     0.0     0.0   0.000    0  659
1327 VALPAR(+)138  1  1  0 0.9960    1.0     9.46     4.02     0.00    0.00     0.0  0.000     0.0     0.0     0.0   0.000    0  660
1328 VOTUPORA-138  1  1  0 0.9880   -2.0    57.10    12.60     0.00    0.00     0.0  0.000     0.0     0.0     0.0   0.000    0  661
1334 DRACENA--138  1  1  0 1.0000    7.0    37.50     9.89     0.00    0.00     0.0  0.000     0.0     0.0     0.0   0.000    0  662
1335 F.PAULIS-138  1  1  0 0.9880    4.0    25.70    13.80     0.00    0.00     0.0  0.000     0.0     0.0     0.0   0.000    0  663
1336 P.PRUD(-)138  1  1  0 1.0010    9.0    25.70     6.40     0.00    0.00     0.0  0.000     0.0     0.0     0.0   0.000    0  664
1337 P.PRUDEN-138  1  1  0 1.0020   10.0    71.00    25.40     0.00    0.00     0.0  0.000     0.0     0.0     0.0   0.000    0  665
1338 P.WENCES-138  1  1  0 1.0150   11.0    14.40     2.80     0.00    0.00     0.0  0.000     0.0     0.0     0.0   0.000    0  666
1339 PIRAPOZI-138  1  1  0 1.0140   11.0    13.10     3.67     0.00    0.00     0.0  0.000     0.0     0.0     0.0   0.000    0  667
1340 TUPA-----138  1  1  0 0.9620   -3.0   100.00     5.23     0.00    0.00     0.0  0.000     0.0     0.0     0.0   0.000    0  668
1346 A.SERR-1-345  1  1  0 0.9360  -14.0     0.00     0.00     0.00    0.00     0.0  0.000     0.0     0.0     0.0   0.000    0  669
1347 A.SERR-2-345  1  1  0 0.9320  -17.0     0.00     0.00     0.00    0.00     0.0  0.000     0.0     0.0     0.0   0.000    0  670
1348 ALTINO---345  1  1  0 0.9320  -19.0   846.00     0.00     0.00    0.00     0.0  0.000     0.0     0.0     0.0   0.000    0  671
1349 ANHANGUE-345  1  1  0 0.9310  -19.0     0.00     0.00     0.00    0.00     0.0  0.000     0.0     0.0     0.0   0.000    0  672
1350 BAIXADA--345  1  1  0 0.9340  -14.0   123.00     0.00     0.00    0.00     0.0  0.000     0.0     0.0     0.0   0.000    0  673
1351 BANDEIRA-345  1  1  0 0.9330  -18.0   861.00     0.00     0.00    0.00     0.0  0.000     0.0     0.0     0.0   0.000    0  674
1352 EMBU-----345  1  1  0 0.9320  -16.0     0.00     0.00     0.00    0.00     0.0  0.000     0.0     0.0     0.0   0.000    0  675
1353 ET.TIETE-345  1  1  0 0.9370  -17.0     0.00     0.00     0.00    0.00     0.0  0.000     0.0     0.0     0.0  -1.400    0  676
1354 GLICERIO-345  1  1  0 0.9340  -17.0   239.00     0.00     0.00    0.00     0.0  0.000     0.0     0.0     0.0  -1.400    0  677
1355 INTERLAG-345  1  1  0 0.9310  -17.0     0.00     0.00     0.00    0.00     0.0  0.000     0.0     0.0     0.0   0.000    0  678
1356 ITAPETI--345  1  1  0 0.9360  -13.0     0.00     0.00     0.00    0.00     0.0  0.000     0.0     0.0     0.0   0.000    0  679
1357 LESTE----345  1  1  0 0.9310  -14.0   967.00     0.00     0.00    0.00     0.0  0.000     0.0     0.0     0.0   0.000    0  680
1358 LUIZITAN-345  1  1  0 0.9360  -17.0   473.00     0.00     0.00    0.00     0.0  0.000     0.0     0.0     0.0  -1.200    0  681
1359 NORDES-1-345  1  1  0 0.9350  -17.0     0.00     0.00     0.00    0.00     0.0  0.000     0.0     0.0     0.0   0.000    0  682
1360 NORDES-2-345  1  1  0 0.9340  -17.0     0.00     0.00     0.00    0.00     0.0  0.000     0.0     0.0     0.0   0.000    0  683
1361 NORDESTE-345  1  1  0 0.9340  -17.0   698.00     0.00     0.00    0.00     0.0  0.000     0.0     0.0     0.0   0.000    0  684
1362 NORTE----345  1  1  0 0.9390  -16.0   687.00     0.00     0.00    0.00     0.0  0.000     0.0     0.0     0.0   0.000    0  685
1363 S.ANGELO-345  1  1  0 0.9350  -14.0     0.00     0.00     0.00    0.00     0.0  0.000     0.0     0.0     0.0   0.000    0  686
1364 SUL------345  1  1  0 0.9310  -17.0   817.00     0.00     0.00    0.00     0.0  0.000     0.0     0.0     0.0   0.000    0  687
1365 V.EMA----345  1  1  0 0.9330  -14.0   827.00     0.00     0.00    0.00     0.0  0.000     0.0     0.0     0.0   0.000    0  688
1366 V.MARIAN-345  1  1  0 0.9270  -17.0   526.00     0.00     0.00    0.00     0.0  0.000     0.0     0.0     0.0  -3.000    0  689
1367 XAVANTES-345  1  1  0 0.9310  -18.0     0.00     0.00     0.00    0.00     0.0  0.000     0.0     0.0     0.0   0.000    0  690
1373 ANHANG-1-230  1  1  0 1.0250  -21.0     0.00     0.00     0.00    0.00     0.0  0.000     0.0     0.0     0.0  -0.600    0  691
1374 ANHANG-2-230  1  1  0 1.0250  -21.0     0.00     0.00     0.00    0.00     0.0  0.000     0.0     0.0     0.0  -0.600    0  692
1375 ANHANG-3-230  1  1  0 1.0240  -22.0     0.00     0.00     0.00    0.00     0.0  0.000     0.0     0.0     0.0   0.000    0  693
1376 ANHANG-4-230  1  1  0 1.0240  -22.0     0.00     0.00     0.00    0.00     0.0  0.000     0.0     0.0     0.0   0.000    0  694
1377 ANHANGUE-230  1  1  0 1.0250  -21.0     0.00     0.00     0.00    0.00     0.0  0.000     0.0     0.0     0.0   0.000    0  695
1378 APARECID-230  1  1  0 1.0060  -27.0    79.30     0.00     0.00    0.00     0.0  0.000     0.0     0.0     0.0   0.000    0  696
1379 ARUJA-EP-138  1  1  0 1.0130  -22.0    39.00    -6.73     0.00    0.00     0.0  0.000     0.0     0.0     0.0   0.000    0  697
1380 BAIXADA-- 88  1  1  0 0.9910  -18.0   271.00     0.00     0.00    0.00     0.0  0.000     0.0     0.0     0.0   0.000    0  698
1381 BAIXADA--230  1  1  0 1.0260  -15.0     7.92    26.60     0.00    0.00     0.0  0.000     0.0     0.0     0.0   0.000    0  699
1382 BIRIT-EP-138  1  1  0 1.0280  -21.0    31.90   -28.40     0.00    0.00     0.0  0.000     0.0     0.0     0.0   0.000    0  700
1383 CBA---EP-230  1  1  0 1.0310  -19.0   136.00    53.60     0.00    0.00     0.0  0.000     0.0     0.0     0.0   0.000    0  701
1384 CENT-I-1-230  1  1  0 1.0270  -22.0     0.00     0.00     0.00    0.00     0.0  0.000     0.0     0.0     0.0   0.000    0  702
1385 CENT-I-2-230  1  1  0 1.0270  -22.0     0.00     0.00     0.00    0.00     0.0  0.000     0.0     0.0     0.0   0.000    0  703
1386 CENTRO-I-230  1  1  0 1.0310  -23.0   434.00     0.00     0.00    0.00     0.0  0.000     0.0     0.0     0.0   0.000    0  704
1387 E.SOUZA--230  1  1  0 1.0280  -21.0   392.00     0.00     0.00    0.00     0.0  0.000     0.0     0.0     0.0   0.000    0  705
1388 EMBU--EP-138  1  1  0 1.0170  -20.0   101.00    -0.64     0.00    0.00     0.0  0.000     0.0     0.0     0.0   0.000    0  706
1389 H.BOR-13-GER  1  1  2 0.9910  -12.0     0.00     0.00   235.00   55.20     0.0  0.991  9371.0 -9100.0     0.0   0.000 1389  707
1390 H.BORD-N- 88  1  1  0 1.0000  -20.0   152.00     0.00     0.00    0.00     0.0  0.000     0.0     0.0     0.0   0.000    0  708
1391 H.BORD-N-GER  1  1  2 1.0060  -14.0     0.00     0.00   100.00   64.30     0.0  1.006  9058.0 -9035.0     0.0   0.000 1391  709
1392 H.BORD-S- 88  1  1  0 1.0000  -20.0   402.00     0.00     0.00    0.00     0.0  0.000     0.0     0.0     0.0   0.000    0  710
1393 H.BORD-S-GER  1  1  2 0.9810  -14.0     0.00     0.00   295.00   98.90     0.0  0.981  9163.0 -9080.0     0.0   0.000 1393  711
1394 H.BORDEN-230  1  1  0 1.0270  -15.0     0.00     0.00     0.00    0.00     0.0  0.000     0.0     0.0     0.0   0.000    0  712
1395 INTERLAG-230  1  1  0 1.0120  -19.0     0.00     0.00     0.00    0.00     0.0  0.000     0.0     0.0     0.0   0.000    0  713
1396 JUNDIAI-- 88  1  1  0 0.9860  -26.0   403.00     0.00     0.00    0.00     0.0  0.000     0.0     0.0     0.0   0.000    0  714
1397 MANAH-EP-138  1  1  0 1.0260  -21.0    30.70   -23.30     0.00    0.00     0.0  0.000     0.0     0.0     0.0   0.000    0  715
1398 MOGI-----230  1  1  0 1.0300  -18.0   189.00     0.00     0.00    0.00     0.0  0.000     0.0     0.0     0.0   0.000    0  716
1399 MOGI-Q-1-230  1  1  0 1.0300  -18.0     0.00     0.00     0.00    0.00     0.0  0.000     0.0     0.0     0.0   0.000    0  717
1400 MOGI-Q-2-230  1  1  0 1.0300  -18.0     0.00     0.00     0.00    0.00     0.0  0.000     0.0     0.0     0.0   0.000    0  718
1401 PIRATINI- 88  1  1  0 0.9900  -25.0   720.00     0.00     0.00    0.00     0.0  0.000     0.0     0.0     0.0   0.000    0  719
1402 PIRATINI-230  1  1  0 1.0110  -19.0     0.00     0.00     0.00    0.00     0.0  0.000     0.0     0.0     0.0   0.000    0  720
1403 PIRITUBA-230  1  1  0 1.0210  -23.0   521.00     0.00     0.00    0.00     0.0  0.000     0.0     0.0     0.0   0.000    0  721
1404 S.CABECA-230  1  1  0 1.0010  -29.0    88.40     0.00     0.00    0.00     0.0  0.000     0.0     0.0     0.0   0.000    0  722
1405 S.JOSE---230  1  1  0 1.0160  -23.0   334.00     0.13     0.00    0.00     0.0  0.000     0.0     0.0     0.0   0.000    0  723
1406 S.SEB-EP-138  1  1  0 1.0050  -23.0    64.40    11.80     0.00    0.00     0.0  0.000     0.0     0.0     0.0   0.000    0  724
1407 SIFAO-EP-138  1  1  0 1.0260  -21.0    18.10   -18.70     0.00    0.00     0.0  0.000     0.0     0.0     0.0   0.000    0  725
1408 SKOL-EP--138  1  1  0 0.9850  -24.0   274.00     0.91     0.00    0.00     0.0  0.000     0.0     0.0     0.0   0.000    0  726
1409 T.OESTE--088  1  1  0 0.9930  -21.0   565.00     0.00     0.00    0.00     0.0  0.000     0.0     0.0     0.0   0.000    0  727
1410 TAUBATE--138  1  1  0 1.0090  -25.0   348.00     0.68     0.00    0.00     0.0  0.000     0.0     0.0     0.0   0.000    0  728
1411 TAUBATE--230  1  1  0 1.0180  -24.0     0.00     0.00     0.00    0.00     0.0  0.000     0.0     0.0     0.0   0.000    0  729
1412 V.CAR-EP-138  1  1  0 1.0240  -21.0    85.40    13.00     0.00    0.00     0.0  0.000     0.0     0.0     0.0   0.000    0  730
1418 BARREIRO-CAP  1  1  0 1.0620  -33.0    22.00    17.60     0.00    0.00     0.0  0.000     0.0     0.0     0.0   0.270    0  731
1419 BARREIRO-SIN  1  1  0 1.0500  -33.0    32.70    34.90     0.00   48.00     0.0  0.000     0.0     0.0     0.0   0.000    0  732
1420 C.BRANCO-500  1  1  2 1.0770   10.0     0.00     0.00   370.00  208.00     0.0  1.077   208.0  -208.0     0.0   0.000 1420  733
1421 EMBORCAC-GER  1  1  2 1.0060   10.0     0.00     0.00   791.00   -0.88     0.0  1.006 99989.0 -9999.0     0.0   0.000 1421  734
1422 IGARAPAV-138  1  1  2 1.0410   -3.0   134.00     6.65    90.00   60.00     0.0  1.041    60.0   -60.0     0.0   0.000 1422  735
1423 IGARAPE--GER  1  1  0 1.0080  -33.0    62.60    14.50     0.00    0.00     0.0  0.000     0.0     0.0     0.0   0.000    0  736
1424 ITUT+CAM-GER  1  1  2 1.0320  -30.0    42.50    17.80    83.00   20.60     0.0  1.032    50.0   -50.0     0.0   0.000 1424  737
1425 JAGUARA--GER  1  1  2 1.0070    0.0     0.00     0.00   397.00    1.12     0.0  1.007   150.0  -150.0     0.0   0.000 1425  738
1427 LAFAIETE-CAP  1  1  0 1.1480  -33.0    16.80    12.40     0.00    0.00     0.0  0.000     0.0     0.0     0.0   0.360    0  739
1428 MESQUITA-SIN  1  1  2 1.0210  -36.0    66.30    12.10     0.00  -79.30     0.0  1.021 99989.0 -9999.0     0.0   0.000 1428  740
1429 MIRANDA--138  1  1  2 1.0490   14.0   186.00    80.40   386.00   33.00     0.0  1.049 99989.0 -9999.0     0.0   0.000 1429  741
1430 N.PONTE--500  1  1  2 1.0590   -2.0     0.00     0.00   331.00 -287.00     0.0  1.059   190.0 -9999.0     0.0  -0.910 1430  742
1431 NEVES----SIN  1  1  2 1.0530  -30.0   114.00   -16.80     0.00  -47.30     0.0  1.053 99989.0 -9999.0     0.0   0.000 1431  743
1433 PIAU-----GER  1  1  0 1.0340  -30.0    10.50     9.57    18.00    9.00     0.0  0.000     0.0     0.0     0.0   0.000    0  744
1434 S.GRANDE-GER  1  1  2 1.0010  -28.0    54.00    28.50    89.00   -4.02     0.0  1.001  9030.0 -9030.0     0.0   0.000 1434  745
1435 S.LUZIA--SIN  1  1  2 1.0440  -31.0    83.60    22.60     0.00  -13.50     0.0  1.044 99989.0 -9999.0     0.0   0.000 1435  746
1436 S.SIMAO--GER  1  1  2 1.0190   21.0     0.00     0.00  1400.00  121.00     0.0  1.019 99989.0 -9999.0     0.0   0.000 1436  747
1437 T.MARIAS-GER  1  1  2 1.0300  -33.0   155.00   116.00   331.00  141.00     0.0  1.030  9120.0 -9120.0     0.0   0.000 1437  748
1438 T.SUL---- 13  1  1  2 1.0110  -33.0   130.00    99.30     0.00  -33.90     0.0  1.011 99989.0 -9999.0     0.0   0.000 1438  749
1439 TAQUAR-1-CAP  1  1  0 1.1950  -31.0    10.60    -4.07     0.00    0.00     0.0  0.000     0.0     0.0     0.0   0.600    0  750
1440 TAQUAR-2-CAP  1  1  0 1.1950  -31.0    10.60    -4.07     0.00    0.00     0.0  0.000     0.0     0.0     0.0   0.600    0  751
1441 V.GRANDE-GER  1  1  2 1.0010    6.0     0.00     0.00   322.00  -67.80     0.0  1.001 99989.0 -9999.0     0.0   0.000 1441  752
1447 BARBACEN-345  1  1  0 1.0520  -31.0   117.00   -41.80     0.00    0.00     0.0  0.000     0.0     0.0     0.0   0.000    0  753
1448 BARREIRO-345  1  1  0 1.0240  -30.0   335.00   219.00     0.00    0.00     0.0  0.000     0.0     0.0     0.0   0.000    0  754
1449 EMBORCAC-500  1  1  0 1.0610    5.0   176.00    37.00     0.00    0.00     0.0  0.000     0.0     0.0     0.0  -1.820    0  755
1450 GAFANHO--345  1  1  0 1.0290  -26.0   191.00    48.30     0.00    0.00     0.0  0.000     0.0     0.0     0.0   0.000    0  756
1451 J.FORA---345  1  1  0 1.0410  -33.0   286.00    87.30     0.00    0.00     0.0  0.000     0.0     0.0     0.0   0.000    0  757
1452 JAGUARA--345  1  1  0 1.0300   -6.0    54.50   102.00     0.00    0.00     0.0  0.000     0.0     0.0     0.0   0.000    0  758
1453 JAGUARA--500  1  1  0 1.0820   -7.0     0.00     0.00     0.00    0.00     0.0  0.000     0.0     0.0     0.0  -1.820    0  759
1454 LAFAIETE-345  1  1  0 1.0460  -31.0   205.00    56.30     0.00    0.00     0.0  0.000     0.0     0.0     0.0   0.000    0  760
1455 MESQUITA-500  1  1  0 1.0870  -34.0   501.00    86.50     0.00    0.00     0.0  0.000     0.0     0.0     0.0   0.000    0  761
1456 NEVES----345  1  1  0 1.0300  -29.0     0.00     0.00     0.00    0.00     0.0  0.000     0.0     0.0     0.0   0.000    0  762
1457 NEVES----500  1  1  0 1.0810  -25.0   372.00   149.00     0.00    0.00     0.0  0.000     0.0     0.0     0.0  -0.910    0  763
1458 PIMENTA--345  1  1  0 1.0370  -18.0    90.10    18.00     0.00    0.00     0.0  0.000     0.0     0.0     0.0   0.000    0  764
1459 S.LUZIA--500  1  1  0 1.0790  -27.0   246.00    78.70     0.00    0.00     0.0  0.000     0.0     0.0     0.0   0.000    0  765
1460 S.SIMAO--500  1  1  0 1.0690   15.0     0.00     0.00     0.00    0.00     0.0  0.000     0.0     0.0     0.0  -1.820    0  766
1461 T.MARIAS-345  1  1  0 1.0220  -37.0   402.00    39.50     0.00    0.00     0.0  0.000     0.0     0.0     0.0   0.000    0  767
1462 T.SUL----345  1  1  0 1.0470  -29.0     0.00     0.00     0.00    0.00     0.0  0.000     0.0     0.0     0.0   0.000    0  768
1463 T.SUL----500  1  1  0 1.0920  -28.0   215.00   -61.90     0.00    0.00     0.0  0.000     0.0     0.0     0.0   0.000    0  769
1464 TAQUARIL-345  1  1  0 1.0300  -30.0   402.00   214.00     0.00    0.00     0.0  0.000     0.0     0.0     0.0   0.000    0  770
1465 V.GRANDE-345  1  1  0 1.0310    0.0     0.00     0.00     0.00    0.00     0.0  0.000     0.0     0.0     0.0   0.000    0  771
1475 A.LAYDNE-230  1  1  0 1.0200   -6.0     0.00     0.00     0.00    0.00     0.0  0.000     0.0     0.0     0.0   0.000    0  772
1476 ASSIS----230  1  1  0 1.0200    8.0     0.00     0.00     0.00    0.00     0.0  0.000     0.0     0.0     0.0   0.000    0  773
1477 ASSIS----440  1  1  0 1.0190    8.0     0.00     0.00     0.00    0.00     0.0  0.000     0.0     0.0     0.0  -1.800    0  774
1478 CAPIVARA-440  1  1  0 1.0250   18.0     0.00     0.00     0.00    0.00     0.0  0.000     0.0     0.0     0.0   0.000    0  775
1479 L.GARCEZ-230  1  1  0 1.0200    2.0     0.00     0.00     0.00    0.00     0.0  0.000     0.0     0.0     0.0   0.000    0  776
1480 L.N.G.-Y-230  1  1  0 1.0200    2.0     0.00     0.00     0.00    0.00     0.0  0.000     0.0     0.0     0.0   0.000    0  777
1481 ROSANA---440  1  1  0 1.0430   23.0     0.00     0.00     0.00    0.00     0.0  0.000     0.0     0.0     0.0   0.000    0  778
1482 TAQUARUC-440  1  1  0 1.0330   21.0     0.00     0.00     0.00    0.00     0.0  0.000     0.0     0.0     0.0   0.000    0  779
1483 XAVANTES-230  1  1  0 1.0240   -1.0     0.00     0.00     0.00    0.00     0.0  0.000     0.0     0.0     0.0   0.000    0  780
1484 L.N.GARC- 88  1  1  0 1.0210    0.0    81.90    16.90     0.00    0.00     0.0  0.000     0.0     0.0     0.0   0.000    0  781
1486 JUPIA-(+)138  1  1  0 1.0390    8.0    22.80     5.74     0.00    0.00     0.0  0.000     0.0     0.0     0.0   0.000    0  782
1487 ROSANA---138  1  1  0 1.0290   24.0     2.35     2.54     0.00    0.00     0.0  0.000     0.0     0.0     0.0   0.000    0  783
1488 TAQUAR-Y-138  1  1  0 1.0100   15.0     0.00     0.00     0.00    0.00     0.0  0.000     0.0     0.0     0.0   0.000    0  784
1489 TAQUARAC-138  1  1  0 1.0470   18.0     3.95     1.88     0.00    0.00     0.0  0.000     0.0     0.0     0.0   0.000    0  785
1490 ISOLTEIRA138  1  1  0 1.0110    4.0     0.00     0.00     0.00    0.00     0.0  0.000     0.0     0.0     0.0  -0.050    0  786
1491 CAPIVARA-138  1  1  0 1.0440   13.0     0.38     0.09     0.00    0.00     0.0  0.000     0.0     0.0     0.0   0.000    0  787
-999
BRANCH DATA FOLLOWS                1309 ITEMS
   2  100  1  1 1 0  0.038000  0.116900  0.028110     0     0     0    0 0  0.0000   0.000 0.0000 0.0000 0.0000     0.0    0.0     1
   2  180  1  1 1 0  0.035200  0.131000  0.031000     0     0     0    0 0  0.0000   0.000 0.0000 0.0000 0.0000     0.0    0.0     2
   3    6  1  1 1 2  0.000000  0.181900  0.000000     0     0     0    0 0  1.1000   0.000 0.9000 1.1000 0.0033     0.0    0.0     3
   3  107  1  1 1 0  0.025210  0.125930  0.225720     0     0     0    0 0  0.0000   0.000 0.0000 0.0000 0.0000     0.0    0.0     4
   3  114  1  1 1 0  0.016240  0.081090  0.145350     0     0     0    0 0  0.0000   0.000 0.0000 0.0000 0.0000     0.0    0.0     5
   3  217  1  1 1 0  0.018200  0.101200  0.185700     0     0     0    0 0  0.0000   0.000 0.0000 0.0000 0.0000     0.0    0.0     6
   3  236  1  1 1 0  0.023100  0.115400  0.206900     0     0     0    0 0  0.0000   0.000 0.0000 0.0000 0.0000     0.0    0.0     7
   3  713  1  1 1 0  0.019854  0.151610  0.352500     0     0     0    0 0  0.0000   0.000 0.0000 0.0000 0.0000     0.0    0.0     8
   4    6  1  1 1 0  0.000000 -0.013300  0.000000     0     0     0    0 0  0.0000   0.000 0.0000 0.0000 0.0000     0.0    0.0     9
   4    8  1  1 1 0  0.015200  0.044000  0.000800     0     0     0    0 0  0.0000   0.000 0.0000 0.0000 0.0000     0.0    0.0    10
   5    6  1  1 1 0  0.000000  0.114500  0.000000     0     0     0    0 0  0.0000   0.000 0.0000 0.0000 0.0000     0.0    0.0    11
   7    8  1  1 1 2  0.000000  0.149650  0.000000     0     0     0    0 0  1.0390   0.000 0.8720 1.0560 0.0074     0.0    0.0    12
   7  208  1  1 1 0  0.166200  0.522200  0.120440     0     0     0    0 0  0.0000   0.000 0.0000 0.0000 0.0000     0.0    0.0    13
   9   45  1  1 1 0  0.007500  0.041600  0.075900     0     0     0    0 0  0.0000   0.000 0.0000 0.0000 0.0000     0.0    0.0    14
   9   45  1  1 1 0  0.007500  0.041600  0.075990     0     0     0    0 0  0.0000   0.000 0.0000 0.0000 0.0000     0.0    0.0    15
   9  107  1  1 1 0  0.032300  0.161200  0.289000     0     0     0    0 0  0.0000   0.000 0.0000 0.0000 0.0000     0.0    0.0    16
  11  782  1  1 1 0  0.006100  0.030500  0.054700     0     0     0    0 0  0.0000   0.000 0.0000 0.0000 0.0000     0.0    0.0    17
  18   22  1  1 1 2  0.000000  0.278100  0.000000     0     0     0    0 0  1.0030   0.000 0.9570 1.0260 0.0017     0.0    0.0    18
  18   28  1  1 1 2  0.000000  0.172650  0.000000     0     0     0    0 0  1.0030   0.000 0.9570 1.0260 0.0017     0.0    0.0    19
  19   28  1  1 1 1  0.000000  0.237900  0.000000     0     0     0    0 0  0.9560   0.000 0.9560 0.9560 0.0000     0.0    0.0    20
  19   28  1  1 1 1  0.000000  0.237900  0.000000     0     0     0    0 0  0.9560   0.000 0.9560 0.9560 0.0000     0.0    0.0    21
  22   28  1  1 1 1  0.000000 -0.014600  0.000000     0     0     0    0 0  0.9560   0.000 0.9560 0.9560 0.0000     0.0    0.0    22
  22   28  1  1 1 1  0.000000 -0.014600  0.000000     0     0     0    0 0  0.9560   0.000 0.9560 0.9560 0.0000     0.0    0.0    23
  22   54  1  1 1 0  0.006600  0.024500  0.005800     0     0     0    0 0  0.0000   0.000 0.0000 0.0000 0.0000     0.0    0.0    24
  22  223  1  1 1 0  0.035800  0.109000  0.026800     0     0     0    0 0  0.0000   0.000 0.0000 0.0000 0.0000     0.0    0.0    25
  23   98  1  1 1 0  0.046100  0.171000  0.040790     0     0     0    0 0  0.0000   0.000 0.0000 0.0000 0.0000     0.0    0.0    26
  27  123  1  1 1 0  0.050200  0.119600  0.027540     0     0     0    0 0  0.0000   0.000 0.0000 0.0000 0.0000     0.0    0.0    27
  29  220  1  1 1 0  0.012700  0.038500  0.009500     0     0     0    0 0  0.0000   0.000 0.0000 0.0000 0.0000     0.0    0.0    28
  35  150  1  1 1 0  0.024700  0.124000  0.221000     0     0     0    0 0  0.0000   0.000 0.0000 0.0000 0.0000     0.0    0.0    29
  35  172  1  1 1 0  0.037400  0.187100  0.339200     0     0     0    0 0  0.0000   0.000 0.0000 0.0000 0.0000     0.0    0.0    30
  38   80  1  1 1 0  0.004500  0.023100  0.039700     0     0     0    0 0  0.0000   0.000 0.0000 0.0000 0.0000     0.0    0.0    31
  38   80  1  1 1 0  0.004500  0.023100  0.033700     0     0     0    0 0  0.0000   0.000 0.0000 0.0000 0.0000     0.0    0.0    32
  38  782  1  1 1 0  0.012000  0.061400  0.105400     0     0     0    0 0  0.0000   0.000 0.0000 0.0000 0.0000     0.0    0.0    33
  38  782  1  1 1 0  0.012000  0.061400  0.105400     0     0     0    0 0  0.0000   0.000 0.0000 0.0000 0.0000     0.0    0.0    34
  45   44  1  1 1 2  0.000000  0.012500  0.000000     0     0     0    0 0  1.0490   0.000 0.9500 1.0500 0.0002     0.0    0.0    35
  44   46  1  1 1 0  0.000000  0.018800  0.000000     0     0     0    0 0  0.0000   0.000 0.0000 0.0000 0.0000     0.0    0.0    36
  45  172  1  1 1 0  0.001200  0.005700  0.010260     0     0     0    0 0  0.0000   0.000 0.0000 0.0000 0.0000     0.0    0.0    37
  45  172  1  1 1 0  0.001200  0.005700  0.010260     0     0     0    0 0  0.0000   0.000 0.0000 0.0000 0.0000     0.0    0.0    38
  47  782  1  1 1 0  0.006100  0.031000  0.055570     0     0     0    0 0  0.0000   0.000 0.0000 0.0000 0.0000     0.0    0.0    39
  47  824  1  1 1 0  0.036933  0.188400  0.322070     0     0     0    0 0  0.0000   0.000 0.0000 0.0000 0.0000     0.0    0.0    40
  49  782  1  1 1 0  0.003900  0.021300  0.038900     0     0     0    0 0  0.0000   0.000 0.0000 0.0000 0.0000     0.0    0.0    41
  54   53  1  1 1 2  0.000000  0.021900  0.000000     0     0     0    0 0  1.0380   0.000 0.9000 1.1000 0.0007     0.0    0.0    42
  53   62  1  1 1 0  0.004100  0.022400  0.041320     0     0     0    0 0  0.0000   0.000 0.0000 0.0000 0.0000     0.0    0.0    43
  53   80  1  1 1 0  0.001900  0.010300  0.020400     0     0     0    0 0  0.0000   0.000 0.0000 0.0000 0.0000     0.0    0.0    44
  53   80  1  1 1 0  0.001900  0.010300  0.020400     0     0     0    0 0  0.0000   0.000 0.0000 0.0000 0.0000     0.0    0.0    45
  53   80  1  1 1 0  0.002200  0.011100  0.023200     0     0     0    0 0  0.0000   0.000 0.0000 0.0000 0.0000     0.0    0.0    46
  53   80  1  1 1 0  0.002200  0.011100  0.023200     0     0     0    0 0  0.0000   0.000 0.0000 0.0000 0.0000     0.0    0.0    47
  53   84  1  1 1 0  0.007600  0.038200  0.068400     0     0     0    0 0  0.0000   0.000 0.0000 0.0000 0.0000     0.0    0.0    48
  53   93  1  1 1 0  0.036600  0.203900  0.376700     0     0     0    0 0  0.0000   0.000 0.0000 0.0000 0.0000     0.0    0.0    49
  53  150  1  1 1 0  0.002800  0.013100  0.027000     0     0     0    0 0  0.0000   0.000 0.0000 0.0000 0.0000     0.0    0.0    50
  53  150  1  1 1 0  0.002800  0.013100  0.027000     0     0     0    0 0  0.0000   0.000 0.0000 0.0000 0.0000     0.0    0.0    51
  53  181  1  1 1 0  0.038100  0.211000  0.392000     0     0     0    0 0  0.0000   0.000 0.0000 0.0000 0.0000     0.0    0.0    52
  53  201  1  1 1 0  0.012300  0.067000  0.125640     0     0     0    0 0  0.0000   0.000 0.0000 0.0000 0.0000     0.0    0.0    53
  53  205  1  1 1 0  0.002600  0.012900  0.023800     0     0     0    0 0  0.0000   0.000 0.0000 0.0000 0.0000     0.0    0.0    54
  53  243  1  1 1 0  0.014100  0.053300  0.094900     0     0     0    0 0  0.0000   0.000 0.0000 0.0000 0.0000     0.0    0.0    55
  53  769  1  1 1 0  0.008130  0.042180  0.072350     0     0     0    0 0  0.0000   0.000 0.0000 0.0000 0.0000     0.0    0.0    56
  54  171  1  1 1 0  0.006800  0.022800  0.007100     0     0     0    0 0  0.0000   0.000 0.0000 0.0000 0.0000     0.0    0.0    57
  54  249  1  1 1 0  0.008800  0.029900  0.008600     0     0     0    0 0  0.0000   0.000 0.0000 0.0000 0.0000     0.0    0.0    58
 780   57  1  1 1 1  0.000000  0.108800  0.000000     0     0     0    0 0  0.9600   0.000 0.9600 0.9600 0.0000     0.0    0.0    59
 780   57  1  1 1 1  0.000000  0.108800  0.000000     0     0     0    0 0  0.9600   0.000 0.9600 0.9600 0.0000     0.0    0.0    60
  62   63  1  1 1 2  0.000000  0.130000  0.000000     0     0     0    0 0  0.9000   0.000 0.9000 1.1000 0.0014     0.0    0.0    61
  62   93  1  1 1 0  0.033000  0.184600  0.337100     0     0     0    0 0  0.0000   0.000 0.0000 0.0000 0.0000     0.0    0.0    62
  62  769  1  1 1 0  0.003780  0.019610  0.033650     0     0     0    0 0  0.0000   0.000 0.0000 0.0000 0.0000     0.0    0.0    63
  62  780  1  1 1 0  0.007940  0.044400  0.081120     0     0     0    0 0  0.0000   0.000 0.0000 0.0000 0.0000     0.0    0.0    64
  65   67  1  1 1 0  0.000000  0.070600  0.000000     0     0     0    0 0  0.0000   0.000 0.0000 0.0000 0.0000     0.0    0.0    65
  65   93  1  1 1 0  0.006800  0.037600  0.069000     0     0     0    0 0  0.0000   0.000 0.0000 0.0000 0.0000     0.0    0.0    66
  65  209  1  1 1 0  0.008000  0.040400  0.081300     0     0     0    0 0  0.0000   0.000 0.0000 0.0000 0.0000     0.0    0.0    67
  71  814  1  1 1 0  0.051100  0.124200  0.027500     0     0     0    0 0  0.0000   0.000 0.0000 0.0000 0.0000     0.0    0.0    68
  76  197  1  1 1 0  0.005600  0.019300  0.005420     0     0     0    0 0  0.0000   0.000 0.0000 0.0000 0.0000     0.0    0.0    69
  79  783  1  1 1 0  0.000000 -0.003110  0.000000     0     0     0    0 0  0.0000   0.000 0.0000 0.0000 0.0000     0.0    0.0    70
  79  784  1  1 1 0  0.000000 -0.003110  0.000000     0     0     0    0 0  0.0000   0.000 0.0000 0.0000 0.0000     0.0    0.0    71
  80   83  1  1 1 1  0.000000  0.124200  0.000000     0     0     0    0 0  1.0200   0.000 1.0200 1.0200 0.0000     0.0    0.0    72
  80   83  1  1 1 1  0.000000  0.124200  0.000000     0     0     0    0 0  1.0200   0.000 1.0200 1.0200 0.0000     0.0    0.0    73
  80  131  1  1 1 0  0.015300  0.076300  0.136800     0     0     0    0 0  0.0000   0.000 0.0000 0.0000 0.0000     0.0    0.0    74
  80  143  1  1 1 0  0.005400  0.028100  0.049800     0     0     0    0 0  0.0000   0.000 0.0000 0.0000 0.0000     0.0    0.0    75
  80  143  1  1 1 0  0.005400  0.028100  0.049800     0     0     0    0 0  0.0000   0.000 0.0000 0.0000 0.0000     0.0    0.0    76
  80  143  1  1 1 0  0.005100  0.026400  0.055200     0     0     0    0 0  0.0000   0.000 0.0000 0.0000 0.0000     0.0    0.0    77
  80  148  1  1 1 0  0.003400  0.017900  0.037000     0     0     0    0 0  0.0000   0.000 0.0000 0.0000 0.0000     0.0    0.0    78
  80  148  1  1 1 0  0.002700  0.014300  0.029600     0     0     0    0 0  0.0000   0.000 0.0000 0.0000 0.0000     0.0    0.0    79
  80  154  1  1 1 0  0.002500  0.032500  0.061750     0     0     0    0 0  0.0000   0.000 0.0000 0.0000 0.0000     0.0    0.0    80
  80  751  1  1 1 1  0.000000  0.009570  0.000000     0     0     0    0 0  1.0300   0.000 1.0300 1.0300 0.0000     0.0    0.0    81
  80  753  1  1 1 1  0.000000  0.009570  0.000000     0     0     0    0 0  1.0300   0.000 1.0300 1.0300 0.0000     0.0    0.0    82
  80  757  1  1 1 1  0.000000  0.009570  0.000000     0     0     0    0 0  1.0300   0.000 1.0300 1.0300 0.0000     0.0    0.0    83
  81   83  1  1 1 0  0.000000 -0.003000  0.000000     0     0     0    0 0  0.0000   0.000 0.0000 0.0000 0.0000     0.0    0.0    84
  81   83  1  1 1 0  0.000000 -0.003000  0.000000     0     0     0    0 0  0.0000   0.000 0.0000 0.0000 0.0000     0.0    0.0    85
  82   83  1  1 1 0  0.000000  0.099900  0.000000     0     0     0    0 0  0.0000   0.000 0.0000 0.0000 0.0000     0.0    0.0    86
  82   83  1  1 1 0  0.000000  0.099900  0.000000     0     0     0    0 0  0.0000   0.000 0.0000 0.0000 0.0000     0.0    0.0    87
  84  165  1  1 1 0  0.040000  0.199000  0.357000     0     0     0    0 0  0.0000   0.000 0.0000 0.0000 0.0000     0.0    0.0    88
  86  224  1  1 1 0  0.010500  0.052500  0.094050     0     0     0    0 0  0.0000   0.000 0.0000 0.0000 0.0000     0.0    0.0    89
  86  812  1  1 1 0  0.021100  0.084200  0.146250     0     0     0    0 0  0.0000   0.000 0.0000 0.0000 0.0000     0.0    0.0    90
  93   94  1  1 1 0  0.000000  0.023600  0.000000     0     0     0    0 0  0.0000   0.000 0.0000 0.0000 0.0000     0.0    0.0    91
  93  181  1  1 1 0  0.005100  0.028600  0.052300     0     0     0    0 0  0.0000   0.000 0.0000 0.0000 0.0000     0.0    0.0    92
  93  189  1  1 1 0  0.032700  0.163400  0.292920     0     0     0    0 0  0.0000   0.000 0.0000 0.0000 0.0000     0.0    0.0    93
  93  209  1  1 1 0  0.013500  0.074800  0.013680     0     0     0    0 0  0.0000   0.000 0.0000 0.0000 0.0000     0.0    0.0    94
  93  243  1  1 1 0  0.029800  0.164500  0.300310     0     0     0    0 0  0.0000   0.000 0.0000 0.0000 0.0000     0.0    0.0    95
  98   99  1  1 1 1  0.000000  0.096300  0.000000     0     0     0    0 0  1.0740   0.000 1.0740 1.0740 0.0000     0.0    0.0    96
  98  182  1  1 1 0  0.005600  0.018900  0.005500     0     0     0    0 0  0.0000   0.000 0.0000 0.0000 0.0000     0.0    0.0    97
  98  182  1  1 1 0  0.005600  0.018900  0.005500     0     0     0    0 0  0.0000   0.000 0.0000 0.0000 0.0000     0.0    0.0    98
  98  208  1  1 1 0  0.096700  0.234800  0.051900     0     0     0    0 0  0.0000   0.000 0.0000 0.0000 0.0000     0.0    0.0    99
 109  243  1  1 1 0  0.004800  0.023900  0.042800     0     0     0    0 0  0.0000   0.000 0.0000 0.0000 0.0000     0.0    0.0   100
 111  112  1  1 1 2  0.000000  0.124500  0.000000     0     0     0    0 0  1.0310   0.000 0.9460 1.1090 0.0020     0.0    0.0   101
 111  206  1  1 1 0  0.092700  0.140700  0.030140     0     0     0    0 0  0.0000   0.000 0.0000 0.0000 0.0000     0.0    0.0   102
 111  219  1  1 1 0  0.103900  0.253600  0.059500     0     0     0    0 0  0.0000   0.000 0.0000 0.0000 0.0000     0.0    0.0   103
 111  242  1  1 1 0  0.075500  0.179700  0.041400     0     0     0    0 0  0.0000   0.000 0.0000 0.0000 0.0000     0.0    0.0   104
 112  127  1  1 1 0  0.011500  0.057200  0.102600     0     0     0    0 0  0.0000   0.000 0.0000 0.0000 0.0000     0.0    0.0   105
 112  723  1  1 1 0  0.009660  0.074100  0.172400     0     0     0    0 0  0.0000   0.000 0.0000 0.0000 0.0000     0.0    0.0   106
 114  117  1  1 1 1  0.000000 -0.013300  0.000000     0     0     0    0 0  1.0300   0.000 1.0300 1.0300 0.0000     0.0    0.0   107
 114  195  1  1 1 0  0.011200  0.055900  0.100200     0     0     0    0 0  0.0000   0.000 0.0000 0.0000 0.0000     0.0    0.0   108
 115  117  1  1 1 0  0.000000  0.181900  0.000000     0     0     0    0 0  0.0000   0.000 0.0000 0.0000 0.0000     0.0    0.0   109
 116  117  1  1 1 0  0.000000  0.114500  0.000000     0     0     0    0 0  0.0000   0.000 0.0000 0.0000 0.0000     0.0    0.0   110
 119  120  1  1 1 2  0.000000  0.168600  0.000000     0     0     0    0 0  0.9000   0.000 0.9000 1.1000 0.0024     0.0    0.0   111
 119  122  1  1 1 1  0.000000  0.181900  0.000000     0     0     0    0 0  1.0200   0.000 1.0200 1.0200 0.0000     0.0    0.0   112
 119  186  1  1 1 0  0.028700  0.143100  0.256500     0     0     0    0 0  0.0000   0.000 0.0000 0.0000 0.0000     0.0    0.0   113
 120  122  1  1 1 0  0.000000 -0.013300  0.000000     0     0     0    0 0  0.0000   0.000 0.0000 0.0000 0.0000     0.0    0.0   114
 121  122  1  1 1 0  0.000000  0.114500  0.000000     0     0     0    0 0  0.0000   0.000 0.0000 0.0000 0.0000     0.0    0.0   115
 123  173  1  1 1 0  0.088600  0.210900  0.048600     0     0     0    0 0  0.0000   0.000 0.0000 0.0000 0.0000     0.0    0.0   116
 127  782  1  1 1 0  0.012400  0.063700  0.103900     0     0     0    0 0  0.0000   0.000 0.0000 0.0000 0.0000     0.0    0.0   117
 127  812  1  1 1 0  0.035700  0.183500  0.315700     0     0     0    0 0  0.0000   0.000 0.0000 0.0000 0.0000     0.0    0.0   118
 131  135  1  1 1 0  0.000000  0.090400  0.000000     0     0     0    0 0  0.0000   0.000 0.0000 0.0000 0.0000     0.0    0.0   119
 140  143  1  1 1 0  0.001400  0.008800  0.019700     0     0     0    0 0  0.0000   0.000 0.0000 0.0000 0.0000     0.0    0.0   120
 140  154  1  1 1 0  0.000500  0.002700  0.006110     0     0     0    0 0  0.0000   0.000 0.0000 0.0000 0.0000     0.0    0.0   121
 143  146  1  1 1 1  0.000000  0.111400  0.000000     0     0     0    0 0  0.9600   0.000 0.9600 0.9600 0.0000     0.0    0.0   122
 143  157  1  1 1 0  0.001800  0.008400  0.017800     0     0     0    0 0  0.0000   0.000 0.0000 0.0000 0.0000     0.0    0.0   123
 143  162  1  1 1 1  0.000000  0.111400  0.000000     0     0     0    0 0  0.9600   0.000 0.9600 0.9600 0.0000     0.0    0.0   124
 144  146  1  1 1 0  0.000000 -0.002800  0.000000     0     0     0    0 0  0.0000   0.000 0.0000 0.0000 0.0000     0.0    0.0   125
 144  162  1  1 1 0  0.000000 -0.003000  0.000000     0     0     0    0 0  0.0000   0.000 0.0000 0.0000 0.0000     0.0    0.0   126
 145  146  1  1 1 0  0.000000  0.109400  0.000000     0     0     0    0 0  0.0000   0.000 0.0000 0.0000 0.0000     0.0    0.0   127
 145  162  1  1 1 0  0.000000  0.109400  0.000000     0     0     0    0 0  0.0000   0.000 0.0000 0.0000 0.0000     0.0    0.0   128
 147  150  1  1 1 0  0.000800  0.004800  0.010600     0     0     0    0 0  0.0000   0.000 0.0000 0.0000 0.0000     0.0    0.0   129
 147  150  1  1 1 0  0.000800  0.004800  0.010600     0     0     0    0 0  0.0000   0.000 0.0000 0.0000 0.0000     0.0    0.0   130
 150  153  1  1 1 0  0.000000  0.132400  0.000000     0     0     0    0 0  0.0000   0.000 0.0000 0.0000 0.0000     0.0    0.0   131
 151  153  1  1 1 0  0.000000 -0.004000  0.000000     0     0     0    0 0  0.0000   0.000 0.0000 0.0000 0.0000     0.0    0.0   132
 152  153  1  1 1 0  0.000000  0.108400  0.000000     0     0     0    0 0  0.0000   0.000 0.0000 0.0000 0.0000     0.0    0.0   133
 165  164  1  1 1 2  0.000000  0.128800  0.000000     0     0     0    0 0  0.8540   0.000 0.8540 1.0030 0.0009     0.0    0.0   134
 166  164  1  1 1 0  0.000000 -0.002500  0.000000     0     0     0    0 0  0.0000   0.000 0.0000 0.0000 0.0000     0.0    0.0   135
 164  167  1  1 1 0  0.000000  0.107400  0.000000     0     0     0    0 0  0.0000   0.000 0.0000 0.0000 0.0000     0.0    0.0   136
 165  166  1  1 1 2  0.000000  0.128400  0.000000     0     0     0    0 0  1.1000   0.000 0.9000 1.1000 0.0017     0.0    0.0   137
 165  172  1  1 1 0  0.005560  0.078910  0.343900     0     0     0    0 0  0.0000   0.000 0.0000 0.0000 0.0000     0.0    0.0   138
 165  186  1  1 1 0  0.009100  0.045500  0.081570     0     0     0    0 0  0.0000   0.000 0.0000 0.0000 0.0000     0.0    0.0   139
 168  171  1  1 1 0  0.001300  0.004500  0.001400     0     0     0    0 0  0.0000   0.000 0.0000 0.0000 0.0000     0.0    0.0   140
 168  197  1  1 1 0  0.008200  0.027700  0.004000     0     0     0    0 0  0.0000   0.000 0.0000 0.0000 0.0000     0.0    0.0   141
 173  172  1  1 1 0  0.000000  0.166700  0.000000     0     0     0    0 0  0.0000   0.000 0.0000 0.0000 0.0000     0.0    0.0   142
 172  175  1  1 1 0  0.000000  0.061800  0.000000     0     0     0    0 0  0.0000   0.000 0.0000 0.0000 0.0000     0.0    0.0   143
 172  176  1  1 1 0  0.000000  0.030300  0.000000     0     0     0    0 0  0.0000   0.000 0.0000 0.0000 0.0000     0.0    0.0   144
 172  179  1  1 1 0  0.019500  0.096600  0.179100     0     0     0    0 0  0.0000   0.000 0.0000 0.0000 0.0000     0.0    0.0   145
 180  179  1  1 1 2  0.000000  0.140000  0.000000     0     0     0    0 0  1.0250   0.000 0.9000 1.1000 0.0050     0.0    0.0   146
 179  186  1  1 1 0  0.009500  0.047000  0.087000     0     0     0    0 0  0.0000   0.000 0.0000 0.0000 0.0000     0.0    0.0   147
 182  181  1  1 1 0  0.000000  0.043600  0.000000     0     0     0    0 0  0.0000   0.000 0.0000 0.0000 0.0000     0.0    0.0   148
 181  183  1  1 1 0  0.000000  0.071900  0.000000     0     0     0    0 0  0.0000   0.000 0.0000 0.0000 0.0000     0.0    0.0   149
 181  233  1  1 1 0  0.014700  0.056100  0.097500     0     0     0    0 0  0.0000   0.000 0.0000 0.0000 0.0000     0.0    0.0   150
 181  243  1  1 1 0  0.034100  0.128500  0.228500     0     0     0    0 0  0.0000   0.000 0.0000 0.0000 0.0000     0.0    0.0   151
 185  184  1  1 1 0  0.000000  0.107400  0.000000     0     0     0    0 0  0.0000   0.000 0.0000 0.0000 0.0000     0.0    0.0   152
 186  184  1  1 1 1  0.000000  0.128800  0.000000     0     0     0    0 0  0.9500   0.000 0.9500 0.9500 0.0000     0.0    0.0   153
 187  184  1  1 1 0  0.000000 -0.002500  0.000000     0     0     0    0 0  0.0000   0.000 0.0000 0.0000 0.0000     0.0    0.0   154
 186  188  1  1 1 0  0.003200  0.016200  0.029100     0     0     0    0 0  0.0000   0.000 0.0000 0.0000 0.0000     0.0    0.0   155
 189  203  1  1 1 0  0.014300  0.071600  0.128250     0     0     0    0 0  0.0000   0.000 0.0000 0.0000 0.0000     0.0    0.0   156
 189  230  1  1 1 0  0.010200  0.056700  0.103600     0     0     0    0 0  0.0000   0.000 0.0000 0.0000 0.0000     0.0    0.0   157
 193  812  1  1 1 0  0.009600  0.047700  0.085500     0     0     0    0 0  0.0000   0.000 0.0000 0.0000 0.0000     0.0    0.0   158
 195  203  1  1 1 0  0.017200  0.085900  0.153900     0     0     0    0 0  0.0000   0.000 0.0000 0.0000 0.0000     0.0    0.0   159
 195  713  1  1 1 0  0.005515  0.042115  0.097920     0     0     0    0 0  0.0000   0.000 0.0000 0.0000 0.0000     0.0    0.0   160
 197  200  1  1 1 0  0.000000 -0.016500  0.000000     0     0     0    0 0  0.0000   0.000 0.0000 0.0000 0.0000     0.0    0.0   161
 197  250  1  1 1 0  0.005600  0.018800  0.005500     0     0     0    0 0  0.0000   0.000 0.0000 0.0000 0.0000     0.0    0.0   162
 198  200  1  1 1 2  0.000000  0.223400  0.000000     0     0     0    0 0  1.0280   0.000 0.8610 1.0520 0.0042     0.0    0.0   163
 199  200  1  1 1 0  0.000000  0.140600  0.000000     0     0     0    0 0  0.0000   0.000 0.0000 0.0000 0.0000     0.0    0.0   164
 203  713  1  1 1 0  0.006620  0.050540  0.117500     0     0     0    0 0  0.0000   0.000 0.0000 0.0000 0.0000     0.0    0.0   165
 204  239  1  1 1 0  0.000000 -0.013300  0.000000     0     0     0    0 0  0.0000   0.000 0.0000 0.0000 0.0000     0.0    0.0   166
 204  239  1  1 1 0  0.000000 -0.013300  0.000000     0     0     0    0 0  0.0000   0.000 0.0000 0.0000 0.0000     0.0    0.0   167
 206  228  1  1 1 0  0.061800  0.093800  0.020100     0     0     0    0 0  0.0000   0.000 0.0000 0.0000 0.0000     0.0    0.0   168
 209  217  1  1 1 0  0.015400  0.086000  0.157300     0     0     0    0 0  0.0000   0.000 0.0000 0.0000 0.0000     0.0    0.0   169
 213  233  1  1 1 0  0.015800  0.065800  0.114300     0     0     0    0 0  0.0000   0.000 0.0000 0.0000 0.0000     0.0    0.0   170
 213  812  1  1 1 0  0.018300  0.091500  0.164100     0     0     0    0 0  0.0000   0.000 0.0000 0.0000 0.0000     0.0    0.0   171
 220  223  1  1 1 0  0.013500  0.041100  0.010200     0     0     0    0 0  0.0000   0.000 0.0000 0.0000 0.0000     0.0    0.0   172
 224  230  1  1 1 0  0.008600  0.042900  0.076900     0     0     0    0 0  0.0000   0.000 0.0000 0.0000 0.0000     0.0    0.0   173
 230  713  1  1 1 0  0.014340  0.109500  0.254680     0     0     0    0 0  0.0000   0.000 0.0000 0.0000 0.0000     0.0    0.0   174
 234  762  1  1 1 0  0.001060  0.013710  1.604210     0     0     0    0 0  0.0000   0.000 0.0000 0.0000 0.0000     0.0    0.0   175
 234 1477  1  1 1 0  0.000000  0.014000  0.000000     0     0     0    0 0  0.0000   0.000 0.0000 0.0000 0.0000     0.0    0.0   176
 236  239  1  1 1 2  0.000000  0.090950  0.000000     0     0     0    0 0  0.9000   0.000 0.9000 1.1000 0.0024     0.0    0.0   177
 238  239  1  1 1 0  0.000000  0.114500  0.000000     0     0     0    0 0  0.0000   0.000 0.0000 0.0000 0.0000     0.0    0.0   178
 238  239  1  1 1 0  0.000000  0.114500  0.000000     0     0     0    0 0  0.0000   0.000 0.0000 0.0000 0.0000     0.0    0.0   179
 243  246  1  1 1 2  0.000000  0.182000  0.000000     0     0     0    0 0  1.0500   0.000 0.9500 1.0500 0.0000     0.0    0.0   180
 243  248  1  1 1 2  0.000000  0.172800  0.000000     0     0     0    0 0  0.9500   0.000 0.9500 1.0500 0.0013     0.0    0.0   181
 245  246  1  1 1 0  0.000000  0.105600  0.000000     0     0     0    0 0  0.0000   0.000 0.0000 0.0000 0.0000     0.0    0.0   182
 248  246  1  1 1 0  0.000000 -0.009200  0.000000     0     0     0    0 0  0.0000   0.000 0.0000 0.0000 0.0000     0.0    0.0   183
 249  250  1  1 1 0  0.001800  0.006000  0.001800     0     0     0    0 0  0.0000   0.000 0.0000 0.0000 0.0000     0.0    0.0   184
 252  262  1  1 1 0  0.009900  0.034000  0.009400     0     0     0    0 0  0.0000   0.000 0.0000 0.0000 0.0000     0.0    0.0   185
 252  343  1  1 1 0  0.026900  0.092300  0.025500     0     0     0    0 0  0.0000   0.000 0.0000 0.0000 0.0000     0.0    0.0   186
 257  809  1  1 1 0  0.014800  0.053600  0.013500     0     0     0    0 0  0.0000   0.000 0.0000 0.0000 0.0000     0.0    0.0   187
 260  809  1  1 1 0  0.010600  0.036800  0.010200     0     0     0    0 0  0.0000   0.000 0.0000 0.0000 0.0000     0.0    0.0   188
 262  261  1  1 1 2  0.000000  0.098700  0.000000     0     0     0    0 0  0.9760   0.000 0.9000 1.1000 0.0065     0.0    0.0   189
 261  266  1  1 1 0  0.218700  0.419700  0.007500     0     0     0    0 0  0.0000   0.000 0.0000 0.0000 0.0000     0.0    0.0   190
 262  343  1  1 1 0  0.028800  0.108800  0.027000     0     0     0    0 0  0.0000   0.000 0.0000 0.0000 0.0000     0.0    0.0   191
 262  809  1  1 1 0  0.010600  0.038400  0.009600     0     0     0    0 0  0.0000   0.000 0.0000 0.0000 0.0000     0.0    0.0   192
 262  809  1  1 1 0  0.010600  0.038400  0.009600     0     0     0    0 0  0.0000   0.000 0.0000 0.0000 0.0000     0.0    0.0   193
 264  809  1  1 1 0  0.020400  0.069800  0.019700     0     0     0    0 0  0.0000   0.000 0.0000 0.0000 0.0000     0.0    0.0   194
 269  290  1  1 1 0  0.061200  0.152500  0.040300     0     0     0    0 0  0.0000   0.000 0.0000 0.0000 0.0000     0.0    0.0   195
 269  290  1  1 1 0  0.061200  0.152500  0.040300     0     0     0    0 0  0.0000   0.000 0.0000 0.0000 0.0000     0.0    0.0   196
 269  778  1  1 1 2  0.000000  0.060800  0.000000     0     0     0    0 0  1.0500   0.000 0.9500 1.0500 0.0009     0.0    0.0   197
 273  276  1  1 1 0  0.008000  0.020300  0.005300     0     0     0    0 0  0.0000   0.000 0.0000 0.0000 0.0000     0.0    0.0   198
 273  795  1  1 1 0  0.006000  0.015200  0.004000     0     0     0    0 0  0.0000   0.000 0.0000 0.0000 0.0000     0.0    0.0   199
 275  274  1  1 1 2  0.000000  0.585800  0.000000     0     0     0    0 0  0.9690   0.000 0.9500 1.0500 0.0077     0.0    0.0   200
 274  298  1  1 1 0  0.510100  0.633400  0.000900     0     0     0    0 0  0.0000   0.000 0.0000 0.0000 0.0000     0.0    0.0   201
 274  298  1  1 1 0  0.510100  0.633400  0.000900     0     0     0    0 0  0.0000   0.000 0.0000 0.0000 0.0000     0.0    0.0   202
 275  279  1  1 1 0  0.273800  0.339100  0.004700     0     0     0    0 0  0.0000   0.000 0.0000 0.0000 0.0000     0.0    0.0   203
 795  279  1  1 1 2  0.000000  0.088450  0.000000     0     0     0    0 0  0.9030   0.000 0.9000 1.0000 0.0010     0.0    0.0   204
 281  282  1  1 1 2  0.000000  0.030467  0.000000     0     0     0    0 0  0.9500   0.000 0.9500 1.0500 0.0022     0.0    0.0   205
 281  284  1  1 1 0  0.002200  0.007200  0.002000     0     0     0    0 0  0.0000   0.000 0.0000 0.0000 0.0000     0.0    0.0   206
 281  284  1  1 1 0  0.002200  0.007200  0.002000     0     0     0    0 0  0.0000   0.000 0.0000 0.0000 0.0000     0.0    0.0   207
 281  795  1  1 1 0  0.006500  0.016000  0.004300     0     0     0    0 0  0.0000   0.000 0.0000 0.0000 0.0000     0.0    0.0   208
 281  795  1  1 1 0  0.006500  0.016000  0.004300     0     0     0    0 0  0.0000   0.000 0.0000 0.0000 0.0000     0.0    0.0   209
 284  798  1  1 1 0  0.002900  0.009600  0.002700     0     0     0    0 0  0.0000   0.000 0.0000 0.0000 0.0000     0.0    0.0   210
 284  798  1  1 1 0  0.002900  0.009600  0.002700     0     0     0    0 0  0.0000   0.000 0.0000 0.0000 0.0000     0.0    0.0   211
 285  795  1  1 1 0  0.005200  0.018700  0.005000     0     0     0    0 0  0.0000   0.000 0.0000 0.0000 0.0000     0.0    0.0   212
 285  833  1  1 1 0  0.046600  0.168400  0.045300     0     0     0    0 0  0.0000   0.000 0.0000 0.0000 0.0000     0.0    0.0   213
 290  292  1  1 1 0  0.027000  0.066700  0.018000     0     0     0    0 0  0.0000   0.000 0.0000 0.0000 0.0000     0.0    0.0   214
 290  292  1  1 1 0  0.027000  0.066700  0.018000     0     0     0    0 0  0.0000   0.000 0.0000 0.0000 0.0000     0.0    0.0   215
 292  293  1  1 1 0  0.018000  0.044400  0.012000     0     0     0    0 0  0.0000   0.000 0.0000 0.0000 0.0000     0.0    0.0   216
 292  293  1  1 1 0  0.018000  0.044400  0.012000     0     0     0    0 0  0.0000   0.000 0.0000 0.0000 0.0000     0.0    0.0   217
 293  795  1  1 1 0  0.060400  0.149100  0.040300     0     0     0    0 0  0.0000   0.000 0.0000 0.0000 0.0000     0.0    0.0   218
 293  795  1  1 1 0  0.060400  0.149100  0.040300     0     0     0    0 0  0.0000   0.000 0.0000 0.0000 0.0000     0.0    0.0   219
 306  305  1  1 1 2  0.000000  0.094000  0.000000     0     0     0    0 0  0.9760   0.000 0.9500 1.0500 0.0018     0.0    0.0   220
 306  315  1  1 1 0  0.027000  0.067500  0.017800     0     0     0    0 0  0.0000   0.000 0.0000 0.0000 0.0000     0.0    0.0   221
 306  735  1  1 1 0  0.020900  0.066000  0.018300     0     0     0    0 0  0.0000   0.000 0.0000 0.0000 0.0000     0.0    0.0   222
 306  735  1  1 1 0  0.020900  0.066000  0.018300     0     0     0    0 0  0.0000   0.000 0.0000 0.0000 0.0000     0.0    0.0   223
 308  307  1  1 1 1  0.000000  0.083000  0.000000     0     0     0    0 0  0.9700   0.000 0.9700 0.9700 0.0000     0.0    0.0   224
 307  340  1  1 1 0  0.048100  0.111700  0.002200     0     0     0    0 0  0.0000   0.000 0.0000 0.0000 0.0000     0.0    0.0   225
 307  340  1  1 1 0  0.048100  0.111700  0.002200     0     0     0    0 0  0.0000   0.000 0.0000 0.0000 0.0000     0.0    0.0   226
 308  735  1  1 1 0  0.001100  0.003600  0.001000     0     0     0    0 0  0.0000   0.000 0.0000 0.0000 0.0000     0.0    0.0   227
 308  735  1  1 1 0  0.001100  0.003600  0.001000     0     0     0    0 0  0.0000   0.000 0.0000 0.0000 0.0000     0.0    0.0   228
 309  735  1  1 1 0  0.015000  0.040300  0.009200     0     0     0    0 0  0.0000   0.000 0.0000 0.0000 0.0000     0.0    0.0   229
 321  735  1  1 1 0  0.022000  0.054000  0.015000     0     0     0    0 0  0.0000   0.000 0.0000 0.0000 0.0000     0.0    0.0   230
 324  327  1  1 1 0  0.317000  0.449700  0.007100     0     0     0    0 0  0.0000   0.000 0.0000 0.0000 0.0000     0.0    0.0   231
 324  328  1  1 1 0  0.317000  0.449700  0.007100     0     0     0    0 0  0.0000   0.000 0.0000 0.0000 0.0000     0.0    0.0   232
 324  336  1  1 1 0  0.170100  0.244800  0.003600     0     0     0    0 0  0.0000   0.000 0.0000 0.0000 0.0000     0.0    0.0   233
 325  834  1  1 1 1  0.000000 -0.015830  0.000000     0     0     0    0 0  1.0040   0.000 1.0040 1.0040 0.0000     0.0    0.0   234
 325  834  1  1 1 1  0.000000 -0.015830  0.000000     0     0     0    0 0  1.0040   0.000 1.0040 1.0040 0.0000     0.0    0.0   235
 327  344  1  1 1 0  0.038800  0.093500  0.001700     0     0     0    0 0  0.0000   0.000 0.0000 0.0000 0.0000     0.0    0.0   236
 328  340  1  1 1 0  0.111300  0.159800  0.002400     0     0     0    0 0  0.0000   0.000 0.0000 0.0000 0.0000     0.0    0.0   237
 331  343  1  1 1 0  0.021800  0.082300  0.020400     0     0     0    0 0  0.0000   0.000 0.0000 0.0000 0.0000     0.0    0.0   238
 331  833  1  1 1 0  0.009500  0.034600  0.008600     0     0     0    0 0  0.0000   0.000 0.0000 0.0000 0.0000     0.0    0.0   239
 334  795  1  1 1 0  0.050200  0.172000  0.048200     0     0     0    0 0  0.0000   0.000 0.0000 0.0000 0.0000     0.0    0.0   240
 334  833  1  1 1 0  0.020600  0.070400  0.019700     0     0     0    0 0  0.0000   0.000 0.0000 0.0000 0.0000     0.0    0.0   241
 337  336  1  1 1 2  0.000000  0.097560  0.000000     0     0     0    0 0  0.9500   0.000 0.9500 1.0500 0.0023     0.0    0.0   242
 337  345  1  1 1 0  0.041400  0.150000  0.037800     0     0     0    0 0  0.0000   0.000 0.0000 0.0000 0.0000     0.0    0.0   243
 337  346  1  1 1 0  0.018100  0.045000  0.011900     0     0     0    0 0  0.0000   0.000 0.0000 0.0000 0.0000     0.0    0.0   244
 337  735  1  1 1 0  0.056500  0.193600  0.054400     0     0     0    0 0  0.0000   0.000 0.0000 0.0000 0.0000     0.0    0.0   245
 340  349  1  1 1 0  0.252700  0.376500  0.005300     0     0     0    0 0  0.0000   0.000 0.0000 0.0000 0.0000     0.0    0.0   246
 343  833  1  1 1 0  0.028900  0.118700  0.023300     0     0     0    0 0  0.0000   0.000 0.0000 0.0000 0.0000     0.0    0.0   247
 344  349  1  1 1 0  0.103200  0.248700  0.004400     0     0     0    0 0  0.0000   0.000 0.0000 0.0000 0.0000     0.0    0.0   248
 345  735  1  1 1 0  0.013700  0.049700  0.012500     0     0     0    0 0  0.0000   0.000 0.0000 0.0000 0.0000     0.0    0.0   249
 355  353  1  1 1 2  0.000000  0.120000  0.000000     0     0     0    0 0  0.9500   0.000 0.9500 1.0500 0.0019     0.0    0.0   250
 355  364  1  1 1 0  0.028400  0.097200  0.027200     0     0     0    0 0  0.0000   0.000 0.0000 0.0000 0.0000     0.0    0.0   251
 359  364  1  1 1 0  0.080400  0.179400  0.047600     0     0     0    0 0  0.0000   0.000 0.0000 0.0000 0.0000     0.0    0.0   252
 359  364  1  1 1 0  0.072000  0.177800  0.048100     0     0     0    0 0  0.0000   0.000 0.0000 0.0000 0.0000     0.0    0.0   253
 359  447  1  1 1 0  0.068000  0.164800  0.041600     0     0     0    0 0  0.0000   0.000 0.0000 0.0000 0.0000     0.0    0.0   254
 359  803  1  1 1 0  0.109500  0.244200  0.064800     0     0     0    0 0  0.0000   0.000 0.0000 0.0000 0.0000     0.0    0.0   255
 361  364  1  1 1 0  0.003000  0.007400  0.002000     0     0     0    0 0  0.0000   0.000 0.0000 0.0000 0.0000     0.0    0.0   256
 364  363  1  1 1 2  0.000000  0.180000  0.000000     0     0     0    0 0  0.9500   0.000 0.9500 1.0500 0.0033     0.0    0.0   257
 364  369  1  1 1 0  0.099000  0.244500  0.066100     0     0     0    0 0  0.0000   0.000 0.0000 0.0000 0.0000     0.0    0.0   258
 364  372  1  1 1 0  0.140900  0.348200  0.094200     0     0     0    0 0  0.0000   0.000 0.0000 0.0000 0.0000     0.0    0.0   259
 366  375  1  1 1 0  0.031000  0.077100  0.020600     0     0     0    0 0  0.0000   0.000 0.0000 0.0000 0.0000     0.0    0.0   260
 367  369  1  1 1 0  0.000400  0.001000  0.000300     0     0     0    0 0  0.0000   0.000 0.0000 0.0000 0.0000     0.0    0.0   261
 369  372  1  1 1 0  0.042000  0.103600  0.028000     0     0     0    0 0  0.0000   0.000 0.0000 0.0000 0.0000     0.0    0.0   262
 372  371  1  1 1 0  0.000000  0.292700  0.000000     0     0     0    0 0  0.0000   0.000 0.0000 0.0000 0.0000     0.0    0.0   263
 372  371  1  1 1 0  0.000000  0.640000  0.000000     0     0     0    0 0  0.0000   0.000 0.0000 0.0000 0.0000     0.0    0.0   264
 372  375  1  1 1 0  0.042000  0.104500  0.027900     0     0     0    0 0  0.0000   0.000 0.0000 0.0000 0.0000     0.0    0.0   265
 372  375  1  1 1 0  0.042000  0.104500  0.027900     0     0     0    0 0  0.0000   0.000 0.0000 0.0000 0.0000     0.0    0.0   266
 372  805  1  1 1 1  0.000000  0.060800  0.000000     0     0     0    0 0  1.0500   0.000 1.0500 1.0500 0.0000     0.0    0.0   267
 372  805  1  1 1 1  0.000000  0.060800  0.000000     0     0     0    0 0  1.0500   0.000 1.0500 1.0500 0.0000     0.0    0.0   268
 372  830  1  1 1 0  0.106900  0.264100  0.071500     0     0     0    0 0  0.0000   0.000 0.0000 0.0000 0.0000     0.0    0.0   269
 372  830  1  1 1 0  0.106900  0.264100  0.071500     0     0     0    0 0  0.0000   0.000 0.0000 0.0000 0.0000     0.0    0.0   270
 380  830  1  1 1 0  0.024000  0.083000  0.003000     0     0     0    0 0  0.0000   0.000 0.0000 0.0000 0.0000     0.0    0.0   271
 388  396  1  1 1 0  0.035500  0.121500  0.034000     0     0     0    0 0  0.0000   0.000 0.0000 0.0000 0.0000     0.0    0.0   272
 388  396  1  1 1 0  0.035500  0.121500  0.034000     0     0     0    0 0  0.0000   0.000 0.0000 0.0000 0.0000     0.0    0.0   273
 388  830  1  1 1 0  0.046000  0.158000  0.040800     0     0     0    0 0  0.0000   0.000 0.0000 0.0000 0.0000     0.0    0.0   274
 388  830  1  1 1 0  0.046000  0.158000  0.040800     0     0     0    0 0  0.0000   0.000 0.0000 0.0000 0.0000     0.0    0.0   275
 830  399  1  1 1 0  0.000000  0.166000  0.000000     0     0     0    0 0  0.0000   0.000 0.0000 0.0000 0.0000     0.0    0.0   276
 830  399  1  1 1 0  0.000000  0.166000  0.000000     0     0     0    0 0  0.0000   0.000 0.0000 0.0000 0.0000     0.0    0.0   277
 830  399  1  1 1 0  0.000000  0.292700  0.000000     0     0     0    0 0  0.0000   0.000 0.0000 0.0000 0.0000     0.0    0.0   278
 407  412  1  1 1 0  0.037100  0.101300  0.001900     0     0     0    0 0  0.0000   0.000 0.0000 0.0000 0.0000     0.0    0.0   279
 407  412  1  1 1 0  0.037100  0.101300  0.001900     0     0     0    0 0  0.0000   0.000 0.0000 0.0000 0.0000     0.0    0.0   280
 407  441  1  1 1 0  0.039100  0.106900  0.002000     0     0     0    0 0  0.0000   0.000 0.0000 0.0000 0.0000     0.0    0.0   281
 407  441  1  1 1 0  0.039100  0.106900  0.002000     0     0     0    0 0  0.0000   0.000 0.0000 0.0000 0.0000     0.0    0.0   282
 408  412  1  1 1 0  0.027000  0.073800  0.001400     0     0     0    0 0  0.0000   0.000 0.0000 0.0000 0.0000     0.0    0.0   283
 408  441  1  1 1 0  0.048900  0.123300  0.002500     0     0     0    0 0  0.0000   0.000 0.0000 0.0000 0.0000     0.0    0.0   284
 412  436  1  1 1 0  0.003400  0.009200  0.000200     0     0     0    0 0  0.0000   0.000 0.0000 0.0000 0.0000     0.0    0.0   285
 787  412  1  1 1 1  0.000000  0.105780  0.000000     0     0     0    0 0  0.9600   0.000 0.9600 0.9600 0.0000     0.0    0.0   286
 787  412  1  1 1 1  0.000000  0.105780  0.000000     0     0     0    0 0  0.9600   0.000 0.9600 0.9600 0.0000     0.0    0.0   287
 787  412  1  1 1 1  0.000000  0.105780  0.000000     0     0     0    0 0  0.9600   0.000 0.9600 0.9600 0.0000     0.0    0.0   288
 417  838  1  1 1 0  0.001600  0.003200  0.000800     0     0     0    0 0  0.0000   0.000 0.0000 0.0000 0.0000     0.0    0.0   289
 803  422  1  1 1 0  0.000000  0.166000  0.000000     0     0     0    0 0  0.0000   0.000 0.0000 0.0000 0.0000     0.0    0.0   290
 803  422  1  1 1 0  0.000000  0.301600  0.000000     0     0     0    0 0  0.0000   0.000 0.0000 0.0000 0.0000     0.0    0.0   291
 427  838  1  1 1 0  0.031200  0.077100  0.020600     0     0     0    0 0  0.0000   0.000 0.0000 0.0000 0.0000     0.0    0.0   292
 437  441  1  1 1 0  0.003400  0.009200  0.000200     0     0     0    0 0  0.0000   0.000 0.0000 0.0000 0.0000     0.0    0.0   293
 824  441  1  1 1 1  0.000000  0.441820  0.000000     0     0     0    0 0  0.9600   0.000 0.9600 0.9600 0.0000     0.0    0.0   294
 824  441  1  1 1 1  0.000000  0.441820  0.000000     0     0     0    0 0  0.9600   0.000 0.9600 0.9600 0.0000     0.0    0.0   295
 824  441  1  1 1 1  0.000000  0.105780  0.000000     0     0     0    0 0  0.9600   0.000 0.9600 0.9600 0.0000     0.0    0.0   296
 824  441  1  1 1 1  0.000000  0.105780  0.000000     0     0     0    0 0  0.9600   0.000 0.9600 0.9600 0.0000     0.0    0.0   297
 447  803  1  1 1 0  0.013200  0.032600  0.008710     0     0     0    0 0  0.0000   0.000 0.0000 0.0000 0.0000     0.0    0.0   298
 452  521  1  1 1 0  0.064500  0.194900  0.049200     0     0     0    0 0  0.0000   0.000 0.0000 0.0000 0.0000     0.0    0.0   299
 452  632  1  1 1 0  0.033000  0.100700  0.024800     0     0     0    0 0  0.0000   0.000 0.0000 0.0000 0.0000     0.0    0.0   300
 452  692  1  1 1 0  0.071400  0.215900  0.054300     0     0     0    0 0  0.0000   0.000 0.0000 0.0000 0.0000     0.0    0.0   301
 455  454  1  1 1 0  0.000000  0.378700  0.000000     0     0     0    0 0  0.0000   0.000 0.0000 0.0000 0.0000     0.0    0.0   302
 455  454  1  1 1 0  0.000000  0.386700  0.000000     0     0     0    0 0  0.0000   0.000 0.0000 0.0000 0.0000     0.0    0.0   303
 454  469  1  1 1 0  0.018900  0.037800  0.009600     0     0     0    0 0  0.0000   0.000 0.0000 0.0000 0.0000     0.0    0.0   304
 454  469  1  1 1 0  0.018900  0.037800  0.009600     0     0     0    0 0  0.0000   0.000 0.0000 0.0000 0.0000     0.0    0.0   305
 454  669  1  1 1 0  0.029600  0.090400  0.022200     0     0     0    0 0  0.0000   0.000 0.0000 0.0000 0.0000     0.0    0.0   306
 455 1484  1  1 1 0  0.085800  0.174500  0.007300     0     0     0    0 0  0.0000   0.000 0.0000 0.0000 0.0000     0.0    0.0   307
 455 1484  1  1 1 0  0.085800  0.174500  0.007300     0     0     0    0 0  0.0000   0.000 0.0000 0.0000 0.0000     0.0    0.0   308
 456  621  1  1 1 0  0.063500  0.140000  0.033500     0     0     0    0 0  0.0000   0.000 0.0000 0.0000 0.0000     0.0    0.0   309
 456  635  1  1 1 0  0.028700  0.060700  0.014100     0     0     0    0 0  0.0000   0.000 0.0000 0.0000 0.0000     0.0    0.0   310
 458  457  1  1 1 2  0.000000  0.033000  0.000000     0     0     0    0 0  1.0080   0.000 0.8700 1.0430 0.0011     0.0    0.0   311
 457  460  1  1 1 0  0.016500  0.048100  0.012000     0     0     0    0 0  0.0000   0.000 0.0000 0.0000 0.0000     0.0    0.0   312
 457  555  1  1 1 0  0.052000  0.158800  0.039000     0     0     0    0 0  0.0000   0.000 0.0000 0.0000 0.0000     0.0    0.0   313
 457  606  1  1 1 0  0.067700  0.103800  0.021200     0     0     0    0 0  0.0000   0.000 0.0000 0.0000 0.0000     0.0    0.0   314
 457  615  1  1 1 0  0.028500  0.060000  0.014100     0     0     0    0 0  0.0000   0.000 0.0000 0.0000 0.0000     0.0    0.0   315
 458  624  1  1 1 0  0.009100  0.040000  0.089400     0     0     0    0 0  0.0000   0.000 0.0000 0.0000 0.0000     0.0    0.0   316
 458  763  1  1 1 0  0.007800  0.044300  0.143100     0     0     0    0 0  0.0000   0.000 0.0000 0.0000 0.0000     0.0    0.0   317
 458  763  1  1 1 0  0.009300  0.048500  0.086700     0     0     0    0 0  0.0000   0.000 0.0000 0.0000 0.0000     0.0    0.0   318
 458  776  1  1 1 0  0.022200  0.114700  0.197500     0     0     0    0 0  0.0000   0.000 0.0000 0.0000 0.0000     0.0    0.0   319
 462  584  1  1 1 0  0.020300  0.062000  0.015300     0     0     0    0 0  0.0000   0.000 0.0000 0.0000 0.0000     0.0    0.0   320
 463  545  1  1 1 0  0.046500  0.142000  0.035000     0     0     0    0 0  0.0000   0.000 0.0000 0.0000 0.0000     0.0    0.0   321
 463  623  1  1 1 0  0.029600  0.090100  0.022260     0     0     0    0 0  0.0000   0.000 0.0000 0.0000 0.0000     0.0    0.0   322
 464  562  1  1 1 0  0.019800  0.039600  0.002600     0     0     0    0 0  0.0000   0.000 0.0000 0.0000 0.0000     0.0    0.0   323
 749  464  1  1 1 2  0.000000  0.106140  0.000000     0     0     0    0 0  1.0240   0.000 0.8640 1.1330 0.0032     0.0    0.0   324
 466  679  1  1 1 0  0.084700  0.173900  0.042800     0     0     0    0 0  0.0000   0.000 0.0000 0.0000 0.0000     0.0    0.0   325
 466  696  1  1 1 0  0.039900  0.170100  0.039400     0     0     0    0 0  0.0000   0.000 0.0000 0.0000 0.0000     0.0    0.0   326
 749  466  1  1 1 2  0.000000  0.067100  0.000000     0     0     0    0 0  1.0360   0.000 0.8700 1.0430 0.0012     0.0    0.0   327
 469  547  1  1 1 0  0.039800  0.079600  0.020300     0     0     0    0 0  0.0000   0.000 0.0000 0.0000 0.0000     0.0    0.0   328
 469  547  1  1 1 0  0.039800  0.079600  0.020300     0     0     0    0 0  0.0000   0.000 0.0000 0.0000 0.0000     0.0    0.0   329
 472  473  1  1 1 2  0.000000  0.380000  0.000000     0     0     0    0 0  0.9930   0.000 0.8700 1.0430 0.0023     0.0    0.0   330
 472  489  1  1 1 0  0.043000  0.021900  0.038500     0     0     0    0 0  0.0000   0.000 0.0000 0.0000 0.0000     0.0    0.0   331
 472  489  1  1 1 0  0.035000  0.021500  0.041000     0     0     0    0 0  0.0000   0.000 0.0000 0.0000 0.0000     0.0    0.0   332
 472  646  1  1 1 0  0.015000  0.076200  0.134100     0     0     0    0 0  0.0000   0.000 0.0000 0.0000 0.0000     0.0    0.0   333
 472  743  1  1 1 0  0.000000  0.000100  0.000200     0     0     0    0 0  0.0000   0.000 0.0000 0.0000 0.0000     0.0    0.0   334
 473  535  1  1 1 0  0.015200  0.046500  0.000700     0     0     0    0 0  0.0000   0.000 0.0000 0.0000 0.0000     0.0    0.0   335
 473  535  1  1 1 0  0.015200  0.046500  0.000700     0     0     0    0 0  0.0000   0.000 0.0000 0.0000 0.0000     0.0    0.0   336
 476  561  1  1 1 0  0.024500  0.074900  0.018400     0     0     0    0 0  0.0000   0.000 0.0000 0.0000 0.0000     0.0    0.0   337
 476  602  1  1 1 0  0.037100  0.113100  0.027900     0     0     0    0 0  0.0000   0.000 0.0000 0.0000 0.0000     0.0    0.0   338
 482  602  1  1 1 0  0.004900  0.015000  0.003700     0     0     0    0 0  0.0000   0.000 0.0000 0.0000 0.0000     0.0    0.0   339
 482  604  1  1 1 0  0.005100  0.015500  0.003800     0     0     0    0 0  0.0000   0.000 0.0000 0.0000 0.0000     0.0    0.0   340
 482  664  1  1 1 0  0.010100  0.031000  0.007600     0     0     0    0 0  0.0000   0.000 0.0000 0.0000 0.0000     0.0    0.0   341
 485  640  1  1 1 0  0.026500  0.080900  0.019900     0     0     0    0 0  0.0000   0.000 0.0000 0.0000 0.0000     0.0    0.0   342
 514  487  1  1 1 2  0.000000  0.095000  0.000000     0     0     0    0 0  0.9900   0.000 0.8700 1.0430 0.0012     0.0    0.0   343
 487  517  1  1 1 0  0.014200  0.016900  0.000400     0     0     0    0 0  0.0000   0.000 0.0000 0.0000 0.0000     0.0    0.0   344
 487  517  1  1 1 0  0.014200  0.016900  0.000400     0     0     0    0 0  0.0000   0.000 0.0000 0.0000 0.0000     0.0    0.0   345
 488  497  1  1 1 0  0.006700  0.042200  0.006100     0     0     0    0 0  0.0000   0.000 0.0000 0.0000 0.0000     0.0    0.0   346
 488  497  1  1 1 0  0.006700  0.042200  0.006100     0     0     0    0 0  0.0000   0.000 0.0000 0.0000 0.0000     0.0    0.0   347
 488  502  1  1 1 0  0.043600  0.105800  0.001900     0     0     0    0 0  0.0000   0.000 0.0000 0.0000 0.0000     0.0    0.0   348
 488  507  1  1 1 0  0.043600  0.105800  0.001900     0     0     0    0 0  0.0000   0.000 0.0000 0.0000 0.0000     0.0    0.0   349
 489  491  1  1 1 1  0.000000  0.092900  0.000000     0     0     0    0 0  0.9780   0.000 0.9780 0.9780 0.0000     0.0    0.0   350
 489  496  1  1 1 0  0.001200  0.003600  0.010810     0     0     0    0 0  0.0000   0.000 0.0000 0.0000 0.0000     0.0    0.0   351
 489  500  1  1 1 0  0.003600  0.018600  0.032200     0     0     0    0 0  0.0000   0.000 0.0000 0.0000 0.0000     0.0    0.0   352
 491  501  1  1 1 0  0.043700  0.127000  0.002200     0     0     0    0 0  0.0000   0.000 0.0000 0.0000 0.0000     0.0    0.0   353
 491  501  1  1 1 0  0.043700  0.127000  0.002200     0     0     0    0 0  0.0000   0.000 0.0000 0.0000 0.0000     0.0    0.0   354
 491  535  1  1 1 0  0.095500  0.183000  0.003200     0     0     0    0 0  0.0000   0.000 0.0000 0.0000 0.0000     0.0    0.0   355
 491  658  1  1 1 0  0.112600  0.230600  0.003600     0     0     0    0 0  0.0000   0.000 0.0000 0.0000 0.0000     0.0    0.0   356
 492  493  1  1 1 2  0.000000  0.095000  0.000000     0     0     0    0 0  0.9720   0.000 0.8700 1.0430 0.0012     0.0    0.0   357
 492  514  1  1 1 0  0.001500  0.006700  0.016250     0     0     0    0 0  0.0000   0.000 0.0000 0.0000 0.0000     0.0    0.0   358
 492  514  1  1 1 0  0.001500  0.006700  0.016250     0     0     0    0 0  0.0000   0.000 0.0000 0.0000 0.0000     0.0    0.0   359
 492  572  1  1 1 0  0.014500  0.073600  0.129300     0     0     0    0 0  0.0000   0.000 0.0000 0.0000 0.0000     0.0    0.0   360
 492  739  1  1 1 0  0.006900  0.033600  0.064600     0     0     0    0 0  0.0000   0.000 0.0000 0.0000 0.0000     0.0    0.0   361
 493  494  1  1 1 0  0.039300  0.114200  0.002000     0     0     0    0 0  0.0000   0.000 0.0000 0.0000 0.0000     0.0    0.0   362
 493  502  1  1 1 0  0.038300  0.111300  0.001900     0     0     0    0 0  0.0000   0.000 0.0000 0.0000 0.0000     0.0    0.0   363
 493  505  1  1 1 0  0.019000  0.055100  0.000900     0     0     0    0 0  0.0000   0.000 0.0000 0.0000 0.0000     0.0    0.0   364
 493  513  1  1 1 0  0.019300  0.056100  0.001000     0     0     0    0 0  0.0000   0.000 0.0000 0.0000 0.0000     0.0    0.0   365
 493  625  1  1 1 0  0.163400  0.450100  0.008500     0     0     0    0 0  0.0000   0.000 0.0000 0.0000 0.0000     0.0    0.0   366
 494  501  1  1 1 0  0.028100  0.081700  0.001400     0     0     0    0 0  0.0000   0.000 0.0000 0.0000 0.0000     0.0    0.0   367
 494  501  1  1 1 0  0.028100  0.081700  0.001400     0     0     0    0 0  0.0000   0.000 0.0000 0.0000 0.0000     0.0    0.0   368
 494  505  1  1 1 0  0.020300  0.059100  0.001000     0     0     0    0 0  0.0000   0.000 0.0000 0.0000 0.0000     0.0    0.0   369
 494  544  1  1 1 0  0.065400  0.130700  0.002200     0     0     0    0 0  0.0000   0.000 0.0000 0.0000 0.0000     0.0    0.0   370
 495  501  1  1 1 0  0.025500  0.081300  0.001700     0     0     0    0 0  0.0000   0.000 0.0000 0.0000 0.0000     0.0    0.0   371
 495  501  1  1 1 0  0.024900  0.079500  0.001600     0     0     0    0 0  0.0000   0.000 0.0000 0.0000 0.0000     0.0    0.0   372
 496  497  1  1 1 2  0.000000  0.095000  0.000000     0     0     0    0 0  0.9500   0.000 0.8700 1.0430 0.0010     0.0    0.0   373
 496  739  1  1 1 0  0.003700  0.019500  0.032700     0     0     0    0 0  0.0000   0.000 0.0000 0.0000 0.0000     0.0    0.0   374
 496  739  1  1 1 0  0.002000  0.012900  0.023100     0     0     0    0 0  0.0000   0.000 0.0000 0.0000 0.0000     0.0    0.0   375
 497  499  1  1 1 0  0.018300  0.053200  0.000900     0     0     0    0 0  0.0000   0.000 0.0000 0.0000 0.0000     0.0    0.0   376
 497  499  1  1 1 0  0.018300  0.053200  0.000900     0     0     0    0 0  0.0000   0.000 0.0000 0.0000 0.0000     0.0    0.0   377
 497  512  1  1 1 0  0.010600  0.042300  0.000990     0     0     0    0 0  0.0000   0.000 0.0000 0.0000 0.0000     0.0    0.0   378
 497  512  1  1 1 0  0.010600  0.042300  0.000990     0     0     0    0 0  0.0000   0.000 0.0000 0.0000 0.0000     0.0    0.0   379
 499  504  1  1 1 0  0.033500  0.097500  0.001700     0     0     0    0 0  0.0000   0.000 0.0000 0.0000 0.0000     0.0    0.0   380
 499  504  1  1 1 0  0.033500  0.097500  0.001700     0     0     0    0 0  0.0000   0.000 0.0000 0.0000 0.0000     0.0    0.0   381
 500  501  1  1 1 2  0.000000  0.095000  0.000000     0     0     0    0 0  0.9880   0.000 0.8700 1.0430 0.0012     0.0    0.0   382
 500  572  1  1 1 0  0.012100  0.060200  0.110900     0     0     0    0 0  0.0000   0.000 0.0000 0.0000 0.0000     0.0    0.0   383
 500  659  1  1 1 0  0.002900  0.018200  0.003330     0     0     0    0 0  0.0000   0.000 0.0000 0.0000 0.0000     0.0    0.0   384
 501  506  1  1 1 0  0.018700  0.048700  0.001000     0     0     0    0 0  0.0000   0.000 0.0000 0.0000 0.0000     0.0    0.0   385
 501  506  1  1 1 0  0.018200  0.048800  0.001100     0     0     0    0 0  0.0000   0.000 0.0000 0.0000 0.0000     0.0    0.0   386
 502  504  1  1 1 0  0.024000  0.069900  0.001200     0     0     0    0 0  0.0000   0.000 0.0000 0.0000 0.0000     0.0    0.0   387
 502  577  1  1 1 0  0.272400  0.445200  0.000660     0     0     0    0 0  0.0000   0.000 0.0000 0.0000 0.0000     0.0    0.0   388
 502  577  1  1 1 0  0.272400  0.445200  0.000660     0     0     0    0 0  0.0000   0.000 0.0000 0.0000 0.0000     0.0    0.0   389
 504  507  1  1 1 0  0.024000  0.069900  0.001200     0     0     0    0 0  0.0000   0.000 0.0000 0.0000 0.0000     0.0    0.0   390
 739  504  1  1 1 2  0.000000  0.095000  0.000000     0     0     0    0 0  1.0260   0.000 0.8700 1.0430 0.0012     0.0    0.0   391
 507  513  1  1 1 0  0.019300  0.056100  0.001000     0     0     0    0 0  0.0000   0.000 0.0000 0.0000 0.0000     0.0    0.0   392
 518  608  1  1 1 0  0.045700  0.139400  0.034300     0     0     0    0 0  0.0000   0.000 0.0000 0.0000 0.0000     0.0    0.0   393
 518  692  1  1 1 0  0.047400  0.144600  0.035600     0     0     0    0 0  0.0000   0.000 0.0000 0.0000 0.0000     0.0    0.0   394
 521  523  1  1 1 0  0.020700  0.063300  0.015600     0     0     0    0 0  0.0000   0.000 0.0000 0.0000 0.0000     0.0    0.0   395
 521  523  1  1 1 0  0.016900  0.048700  0.013600     0     0     0    0 0  0.0000   0.000 0.0000 0.0000 0.0000     0.0    0.0   396
 521  523  1  1 1 0  0.016900  0.048700  0.013600     0     0     0    0 0  0.0000   0.000 0.0000 0.0000 0.0000     0.0    0.0   397
 521  595  1  1 1 0  0.080000  0.235600  0.062400     0     0     0    0 0  0.0000   0.000 0.0000 0.0000 0.0000     0.0    0.0   398
 521  686  1  1 1 0  0.050200  0.102700  0.025600     0     0     0    0 0  0.0000   0.000 0.0000 0.0000 0.0000     0.0    0.0   399
 524  523  1  1 1 2  0.000000  0.033550  0.000000     0     0     0    0 0  1.0050   0.000 0.8700 1.0430 0.0010     0.0    0.0   400
 523  530  1  1 1 0  0.040900  0.125000  0.030800     0     0     0    0 0  0.0000   0.000 0.0000 0.0000 0.0000     0.0    0.0   401
 524  564  1  1 1 0  0.019600  0.123500  0.221900     0     0     0    0 0  0.0000   0.000 0.0000 0.0000 0.0000     0.0    0.0   402
 524  820  1  1 1 0  0.012200  0.077000  0.138300     0     0     0    0 0  0.0000   0.000 0.0000 0.0000 0.0000     0.0    0.0   403
 524  820  1  1 1 0  0.012200  0.077000  0.138300     0     0     0    0 0  0.0000   0.000 0.0000 0.0000 0.0000     0.0    0.0   404
 530  619  1  1 1 0  0.028200  0.086200  0.021200     0     0     0    0 0  0.0000   0.000 0.0000 0.0000 0.0000     0.0    0.0   405
 531  540  1  1 1 0  0.056700  0.119900  0.017800     0     0     0    0 0  0.0000   0.000 0.0000 0.0000 0.0000     0.0    0.0   406
 531  621  1  1 1 0  0.088300  0.187600  0.043200     0     0     0    0 0  0.0000   0.000 0.0000 0.0000 0.0000     0.0    0.0   407
 531  692  1  1 1 0  0.091400  0.194000  0.044700     0     0     0    0 0  0.0000   0.000 0.0000 0.0000 0.0000     0.0    0.0   408
 538  539  1  1 1 1  0.000000  0.946700  0.000000     0     0     0    0 0  1.0230   0.000 1.0230 1.0230 0.0000     0.0    0.0   409
 538  543  1  1 1 0  0.033200  0.063600  0.001120     0     0     0    0 0  0.0000   0.000 0.0000 0.0000 0.0000     0.0    0.0   410
 540  542  1  1 1 0  0.007600  0.017800  0.004370     0     0     0    0 0  0.0000   0.000 0.0000 0.0000 0.0000     0.0    0.0   411
 542  543  1  1 1 2  0.000000  0.360000  0.000000     0     0     0    0 0  0.9940   0.000 0.8260 1.0000 0.0087     0.0    0.0   412
 542  612  1  1 1 0  0.035100  0.099400  0.024300     0     0     0    0 0  0.0000   0.000 0.0000 0.0000 0.0000     0.0    0.0   413
 776  542  1  1 1 2  0.000000  0.066000  0.000000     0     0     0    0 0  1.0090   0.000 0.8700 1.0430 0.0012     0.0    0.0   414
 544  658  1  1 1 0  0.065400  0.130700  0.002200     0     0     0    0 0  0.0000   0.000 0.0000 0.0000 0.0000     0.0    0.0   415
 547  584  1  1 1 0  0.055300  0.117000  0.027000     0     0     0    0 0  0.0000   0.000 0.0000 0.0000 0.0000     0.0    0.0   416
 547  584  1  1 1 0  0.055300  0.117000  0.027000     0     0     0    0 0  0.0000   0.000 0.0000 0.0000 0.0000     0.0    0.0   417
 553  557  1  1 1 0  0.123500  0.364300  0.006000     0     0     0    0 0  0.0000   0.000 0.0000 0.0000 0.0000     0.0    0.0   418
 553  594  1  1 1 0  0.074100  0.218600  0.003600     0     0     0    0 0  0.0000   0.000 0.0000 0.0000 0.0000     0.0    0.0   419
 555  588  1  1 1 0  0.038900  0.118800  0.029250     0     0     0    0 0  0.0000   0.000 0.0000 0.0000 0.0000     0.0    0.0   420
 557  638  1  1 1 0  0.145800  0.445400  0.006900     0     0     0    0 0  0.0000   0.000 0.0000 0.0000 0.0000     0.0    0.0   421
 559  558  1  1 1 2  0.000000  0.033450  0.000000     0     0     0    0 0  0.9770   0.000 0.8700 1.0430 0.0012     0.0    0.0   422
 558  560  1  1 1 0  0.000000  0.236800  0.000000     0     0     0    0 0  0.0000   0.000 0.0000 0.0000 0.0000     0.0    0.0   423
 558  597  1  1 1 0  0.076100  0.232400  0.057300     0     0     0    0 0  0.0000   0.000 0.0000 0.0000 0.0000     0.0    0.0   424
 558  685  1  1 1 0  0.077800  0.164500  0.038200     0     0     0    0 0  0.0000   0.000 0.0000 0.0000 0.0000     0.0    0.0   425
 558  685  1  1 1 0  0.077800  0.164500  0.038200     0     0     0    0 0  0.0000   0.000 0.0000 0.0000 0.0000     0.0    0.0   426
 559  592  1  1 1 0  0.015800  0.082200  0.137800     0     0     0    0 0  0.0000   0.000 0.0000 0.0000 0.0000     0.0    0.0   427
 559  641  1  1 1 0  0.025900  0.134800  0.226100     0     0     0    0 0  0.0000   0.000 0.0000 0.0000 0.0000     0.0    0.0   428
 559  763  1  1 1 0  0.019600  0.102300  0.171500     0     0     0    0 0  0.0000   0.000 0.0000 0.0000 0.0000     0.0    0.0   429
 559 1483  1  1 1 0  0.020100  0.102900  0.178200     0     0     0    0 0  0.0000   0.000 0.0000 0.0000 0.0000     0.0    0.0   430
 564  563  1  1 1 2  0.000000  0.066000  0.000000     0     0     0    0 0  0.9740   0.000 0.8700 1.0430 0.0012     0.0    0.0   431
 563  565  1  1 1 0  0.011800  0.036200  0.009600     0     0     0    0 0  0.0000   0.000 0.0000 0.0000 0.0000     0.0    0.0   432
 563  619  1  1 1 0  0.047300  0.144700  0.035600     0     0     0    0 0  0.0000   0.000 0.0000 0.0000 0.0000     0.0    0.0   433
 568  569  1  1 1 1  0.000000  0.008200  0.000000     0     0     0    0 0  0.9900   0.000 0.9900 0.9900 0.0000     0.0    0.0   434
 568  748  1  1 1 0  0.000100  0.001260  0.156290     0     0     0    0 0  0.0000   0.000 0.0000 0.0000 0.0000     0.0    0.0   435
 568  748  1  1 1 0  0.000100  0.001260  0.156290     0     0     0    0 0  0.0000   0.000 0.0000 0.0000 0.0000     0.0    0.0   436
 570  612  1  1 1 0  0.046500  0.142500  0.035000     0     0     0    0 0  0.0000   0.000 0.0000 0.0000 0.0000     0.0    0.0   437
 570  692  1  1 1 0  0.045700  0.139500  0.034400     0     0     0    0 0  0.0000   0.000 0.0000 0.0000 0.0000     0.0    0.0   438
 572  571  1  1 1 2  0.000000  0.050450  0.000000     0     0     0    0 0  1.0290   0.000 0.8700 1.0430 0.0023     0.0    0.0   439
 571  634  1  1 1 0  0.051900  0.142500  0.039800     0     0     0    0 0  0.0000   0.000 0.0000 0.0000 0.0000     0.0    0.0   440
 572  573  1  1 1 1  0.000000  0.048200  0.000000     0     0     0    0 0  1.0430   0.000 1.0430 1.0430 0.0000     0.0    0.0   441
 575  574  1  1 1 2  0.000000  0.033450  0.000000     0     0     0    0 0  1.0330   0.000 0.8690 1.0430 0.0012     0.0    0.0   442
 574  618  1  1 1 0  0.047700  0.145600  0.035900     0     0     0    0 0  0.0000   0.000 0.0000 0.0000 0.0000     0.0    0.0   443
 574  632  1  1 1 0  0.040600  0.124000  0.030500     0     0     0    0 0  0.0000   0.000 0.0000 0.0000 0.0000     0.0    0.0   444
 575  693  1  1 1 0  0.016800  0.105600  0.189600     0     0     0    0 0  0.0000   0.000 0.0000 0.0000 0.0000     0.0    0.0   445
 575  754  1  1 1 0  0.003207  0.016670  0.028600     0     0     0    0 0  0.0000   0.000 0.0000 0.0000 0.0000     0.0    0.0   446
 575  754  1  1 1 0  0.003207  0.016670  0.028600     0     0     0    0 0  0.0000   0.000 0.0000 0.0000 0.0000     0.0    0.0   447
 576  577  1  1 1 0  0.290900  0.603500  0.009200     0     0     0    0 0  0.0000   0.000 0.0000 0.0000 0.0000     0.0    0.0   448
 576  617  1  1 1 0  0.040200  0.085200  0.001200     0     0     0    0 0  0.0000   0.000 0.0000 0.0000 0.0000     0.0    0.0   449
 577  578  1  1 1 1  0.000000  0.166000  0.000000     0     0     0    0 0  1.0430   0.000 1.0430 1.0430 0.0000     0.0    0.0   450
 582  579  1  1 1 2  0.000000  0.216000  0.000000     0     0     0    0 0  0.9600   0.000 0.8260 1.0000 0.0056     0.0    0.0   451
 579  599  1  1 1 0  0.504200  0.966100  0.017100     0     0     0    0 0  0.0000   0.000 0.0000 0.0000 0.0000     0.0    0.0   452
 582  586  1  1 1 0  0.105600  0.216200  0.053600     0     0     0    0 0  0.0000   0.000 0.0000 0.0000 0.0000     0.0    0.0   453
 582  679  1  1 1 0  0.037100  0.076300  0.018720     0     0     0    0 0  0.0000   0.000 0.0000 0.0000 0.0000     0.0    0.0   454
 585  584  1  1 1 2  0.000000  0.033450  0.000000     0     0     0    0 0  1.0070   0.000 0.8700 1.0430 0.0010     0.0    0.0   455
 584  600  1  1 1 0  0.008800  0.018600  0.004300     0     0     0    0 0  0.0000   0.000 0.0000 0.0000 0.0000     0.0    0.0   456
 584  600  1  1 1 0  0.008800  0.018600  0.004300     0     0     0    0 0  0.0000   0.000 0.0000 0.0000 0.0000     0.0    0.0   457
 585  763  1  1 1 0  0.003800  0.024000  0.043100     0     0     0    0 0  0.0000   0.000 0.0000 0.0000 0.0000     0.0    0.0   458
 586  647  1  1 1 0  0.081800  0.173000  0.040200     0     0     0    0 0  0.0000   0.000 0.0000 0.0000 0.0000     0.0    0.0   459
 586  666  1  1 1 0  0.035400  0.072600  0.017940     0     0     0    0 0  0.0000   0.000 0.0000 0.0000 0.0000     0.0    0.0   460
 588  650  1  1 1 0  0.047400  0.144600  0.035600     0     0     0    0 0  0.0000   0.000 0.0000 0.0000 0.0000     0.0    0.0   461
 595  594  1  1 1 2  0.000000  0.500000  0.000000     0     0     0    0 0  0.9750   0.000 0.8260 1.0000 0.0042     0.0    0.0   462
 594  656  1  1 1 0  0.132200  0.253300  0.004500     0     0     0    0 0  0.0000   0.000 0.0000 0.0000 0.0000     0.0    0.0   463
 594  821  1  1 1 0  0.147100  0.176800  0.002200     0     0     0    0 0  0.0000   0.000 0.0000 0.0000 0.0000     0.0    0.0   464
 595  661  1  1 1 0  0.040600  0.123900  0.030500     0     0     0    0 0  0.0000   0.000 0.0000 0.0000 0.0000     0.0    0.0   465
 597  669  1  1 1 0  0.023700  0.073200  0.017800     0     0     0    0 0  0.0000   0.000 0.0000 0.0000 0.0000     0.0    0.0   466
 599  656  1  1 1 0  0.274000  0.524900  0.009300     0     0     0    0 0  0.0000   0.000 0.0000 0.0000 0.0000     0.0    0.0   467
 600  602  1  1 1 0  0.014000  0.040400  0.011300     0     0     0    0 0  0.0000   0.000 0.0000 0.0000 0.0000     0.0    0.0   468
 600  605  1  1 1 0  0.003100  0.006400  0.001600     0     0     0    0 0  0.0000   0.000 0.0000 0.0000 0.0000     0.0    0.0   469
 600  605  1  1 1 0  0.003100  0.006400  0.001600     0     0     0    0 0  0.0000   0.000 0.0000 0.0000 0.0000     0.0    0.0   470
 600  606  1  1 1 0  0.013500  0.020800  0.004200     0     0     0    0 0  0.0000   0.000 0.0000 0.0000 0.0000     0.0    0.0   471
 600  607  1  1 1 0  0.005500  0.016800  0.004130     0     0     0    0 0  0.0000   0.000 0.0000 0.0000 0.0000     0.0    0.0   472
 603  602  1  1 1 2  0.000000  0.033500  0.000000     0     0     0    0 0  1.0110   0.000 0.8700 1.0430 0.0009     0.0    0.0   473
 602  604  1  1 1 0  0.007600  0.023200  0.005700     0     0     0    0 0  0.0000   0.000 0.0000 0.0000 0.0000     0.0    0.0   474
 602  607  1  1 1 0  0.008900  0.027100  0.006680     0     0     0    0 0  0.0000   0.000 0.0000 0.0000 0.0000     0.0    0.0   475
 603  763  1  1 1 0  0.003900  0.022100  0.071500     0     0     0    0 0  0.0000   0.000 0.0000 0.0000 0.0000     0.0    0.0   476
 603  763  1  1 1 0  0.006100  0.031100  0.054500     0     0     0    0 0  0.0000   0.000 0.0000 0.0000 0.0000     0.0    0.0   477
 603 1476  1  1 1 0  0.013600  0.075900  0.245300     0     0     0    0 0  0.0000   0.000 0.0000 0.0000 0.0000     0.0    0.0   478
 603 1476  1  1 1 0  0.022200  0.113700  0.199200     0     0     0    0 0  0.0000   0.000 0.0000 0.0000 0.0000     0.0    0.0   479
 608  628  1  1 1 0  0.010900  0.061500  0.015140     0     0     0    0 0  0.0000   0.000 0.0000 0.0000 0.0000     0.0    0.0   480
 608  635  1  1 1 0  0.061900  0.189000  0.046500     0     0     0    0 0  0.0000   0.000 0.0000 0.0000 0.0000     0.0    0.0   481
 612  690  1  1 1 0  0.046600  0.142300  0.035040     0     0     0    0 0  0.0000   0.000 0.0000 0.0000 0.0000     0.0    0.0   482
 615  670  1  1 1 0  0.035600  0.076300  0.017800     0     0     0    0 0  0.0000   0.000 0.0000 0.0000 0.0000     0.0    0.0   483
 617  651  1  1 1 0  0.094600  0.180400  0.003230     0     0     0    0 0  0.0000   0.000 0.0000 0.0000 0.0000     0.0    0.0   484
 618  686  1  1 1 0  0.046400  0.095000  0.023600     0     0     0    0 0  0.0000   0.000 0.0000 0.0000 0.0000     0.0    0.0   485
 620  621  1  1 1 0  0.015600  0.032400  0.007800     0     0     0    0 0  0.0000   0.000 0.0000 0.0000 0.0000     0.0    0.0   486
 620  670  1  1 1 0  0.006700  0.015300  0.003600     0     0     0    0 0  0.0000   0.000 0.0000 0.0000 0.0000     0.0    0.0   487
 622  621  1  1 1 2  0.000000  0.033450  0.000000     0     0     0    0 0  0.9810   0.000 0.8700 1.0430 0.0010     0.0    0.0   488
 621  623  1  1 1 0  0.012600  0.026300  0.006160     0     0     0    0 0  0.0000   0.000 0.0000 0.0000 0.0000     0.0    0.0   489
 622  624  1  1 1 0  0.002000  0.014900  0.008500     0     0     0    0 0  0.0000   0.000 0.0000 0.0000 0.0000     0.0    0.0   490
 622  763  1  1 1 0  0.017500  0.080600  0.141300     0     0     0    0 0  0.0000   0.000 0.0000 0.0000 0.0000     0.0    0.0   491
 622  776  1  1 1 0  0.015500  0.080400  0.138400     0     0     0    0 0  0.0000   0.000 0.0000 0.0000 0.0000     0.0    0.0   492
 625  633  1  1 1 0  0.118400  0.349500  0.005900     0     0     0    0 0  0.0000   0.000 0.0000 0.0000 0.0000     0.0    0.0   493
 631  645  1  1 1 0  0.030500  0.093000  0.022900     0     0     0    0 0  0.0000   0.000 0.0000 0.0000 0.0000     0.0    0.0   494
 634  633  1  1 1 2  0.000000  0.500000  0.000000     0     0     0    0 0  0.9570   0.000 0.8260 1.0000 0.0042     0.0    0.0   495
 633  651  1  1 1 0  0.122700  0.235000  0.004200     0     0     0    0 0  0.0000   0.000 0.0000 0.0000 0.0000     0.0    0.0   496
 637  638  1  1 1 2  0.000000  0.205300  0.000000     0     0     0    0 0  0.9760   0.000 0.8700 1.0430 0.0023     0.0    0.0   497
 637  820  1  1 1 0  0.016310  0.083540  0.146600     0     0     0    0 0  0.0000   0.000 0.0000 0.0000 0.0000     0.0    0.0   498
 637  826  1  1 1 0  0.015370  0.078680  0.138070     0     0     0    0 0  0.0000   0.000 0.0000 0.0000 0.0000     0.0    0.0   499
 639  692  1  1 1 0  0.033000  0.100700  0.024800     0     0     0    0 0  0.0000   0.000 0.0000 0.0000 0.0000     0.0    0.0   500
 641  640  1  1 1 2  0.000000  0.109000  0.000000     0     0     0    0 0  0.9570   0.000 0.8700 1.0430 0.0023     0.0    0.0   501
 640  647  1  1 1 0  0.011300  0.023900  0.005600     0     0     0    0 0  0.0000   0.000 0.0000 0.0000 0.0000     0.0    0.0   502
 640  649  1  1 1 0  0.008800  0.027100  0.006700     0     0     0    0 0  0.0000   0.000 0.0000 0.0000 0.0000     0.0    0.0   503
 641  646  1  1 1 0  0.004200  0.021200  0.038200     0     0     0    0 0  0.0000   0.000 0.0000 0.0000 0.0000     0.0    0.0   504
 641  749  1  1 1 0  0.034500  0.178500  0.030720     0     0     0    0 0  0.0000   0.000 0.0000 0.0000 0.0000     0.0    0.0   505
 646  645  1  1 1 2  0.000000  0.109000  0.000000     0     0     0    0 0  0.9920   0.000 0.8700 1.0430 0.0023     0.0    0.0   506
 645  649  1  1 1 0  0.011000  0.033600  0.008000     0     0     0    0 0  0.0000   0.000 0.0000 0.0000 0.0000     0.0    0.0   507
 658  660  1  1 1 0  0.007000  0.036300  0.000500     0     0     0    0 0  0.0000   0.000 0.0000 0.0000 0.0000     0.0    0.0   508
 658  660  1  1 1 0  0.007000  0.036300  0.000500     0     0     0    0 0  0.0000   0.000 0.0000 0.0000 0.0000     0.0    0.0   509
 659  660  1  1 1 2  0.000000  0.190000  0.000000     0     0     0    0 0  0.9980   0.000 0.8700 1.0430 0.0012     0.0    0.0   510
 661  671  1  1 1 0  0.025400  0.077500  0.019100     0     0     0    0 0  0.0000   0.000 0.0000 0.0000 0.0000     0.0    0.0   511
 666  696  1  1 1 0  0.102700  0.231400  0.057100     0     0     0    0 0  0.0000   0.000 0.0000 0.0000 0.0000     0.0    0.0   512
 671  672  1  1 1 2  0.000000  0.073500  0.000000     0     0     0    0 0  0.9580   0.000 0.8700 1.0430 0.0012     0.0    0.0   513
 672  673  1  1 1 0  0.000000  0.010000  0.000000     0     0     0    0 0  0.0000   0.000 0.0000 0.0000 0.0000     0.0    0.0   514
 672  752  1  1 1 0  0.001801  0.022770  2.782100     0     0     0    0 0  0.0000   0.000 0.0000 0.0000 0.0000     0.0    0.0   515
 672  766  1  1 1 0  0.000818  0.010340  1.263320     0     0     0    0 0  0.0000   0.000 0.0000 0.0000 0.0000     0.0    0.0   516
 772  674  1  1 1 0  0.000000  0.010000  0.000000     0     0     0    0 0  0.0000   0.000 0.0000 0.0000 0.0000     0.0    0.0   517
 676  739  1  1 1 0  0.002400  0.015000  0.026900     0     0     0    0 0  0.0000   0.000 0.0000 0.0000 0.0000     0.0    0.0   518
 678  739  1  1 1 0  0.023240  0.120650  0.206960     0     0     0    0 0  0.0000   0.000 0.0000 0.0000 0.0000     0.0    0.0   519
 678  749  1  1 1 0  0.023240  0.120650  0.206960     0     0     0    0 0  0.0000   0.000 0.0000 0.0000 0.0000     0.0    0.0   520
 678  778  1  1 1 0  0.008500  0.044140  0.075720     0     0     0    0 0  0.0000   0.000 0.0000 0.0000 0.0000     0.0    0.0   521
 693  692  1  1 1 2  0.000000  0.032950  0.000000     0     0     0    0 0  1.0050   0.000 0.8700 1.0430 0.0012     0.0    0.0   522
 692  694  1  1 1 0  0.007600  0.023200  0.005700     0     0     0    0 0  0.0000   0.000 0.0000 0.0000 0.0000     0.0    0.0   523
 692  694  1  1 1 0  0.007600  0.023200  0.005700     0     0     0    0 0  0.0000   0.000 0.0000 0.0000 0.0000     0.0    0.0   524
 780  702  1  1 1 0  0.000000  0.244200  0.000000     0     0     0    0 0  0.0000   0.000 0.0000 0.0000 0.0000     0.0    0.0   525
 803  704  1  1 1 1  0.000000  0.174110  0.000000     0     0     0    0 0  1.0100   0.000 1.0100 1.0100 0.0000     0.0    0.0   526
 803  704  1  1 1 1  0.000000  0.174110  0.000000     0     0     0    0 0  1.0100   0.000 1.0100 1.0100 0.0000     0.0    0.0   527
 800  705  1  1 1 0  0.000000  0.143540  0.000000     0     0     0    0 0  0.0000   0.000 0.0000 0.0000 0.0000     0.0    0.0   528
 800  705  1  1 1 0  0.000000  0.143540  0.000000     0     0     0    0 0  0.0000   0.000 0.0000 0.0000 0.0000     0.0    0.0   529
 802  706  1  1 1 0  0.000000  0.090510  0.000000     0     0     0    0 0  0.0000   0.000 0.0000 0.0000 0.0000     0.0    0.0   530
 802  706  1  1 1 0  0.000000  0.090510  0.000000     0     0     0    0 0  0.0000   0.000 0.0000 0.0000 0.0000     0.0    0.0   531
 802  707  1  1 1 0  0.000000  0.029560  0.000000     0     0     0    0 0  0.0000   0.000 0.0000 0.0000 0.0000     0.0    0.0   532
 802  707  1  1 1 0  0.000000  0.029560  0.000000     0     0     0    0 0  0.0000   0.000 0.0000 0.0000 0.0000     0.0    0.0   533
 802  707  1  1 1 0  0.000000  0.029540  0.000000     0     0     0    0 0  0.0000   0.000 0.0000 0.0000 0.0000     0.0    0.0   534
 802  707  1  1 1 0  0.000000  0.029540  0.000000     0     0     0    0 0  0.0000   0.000 0.0000 0.0000 0.0000     0.0    0.0   535
 812  710  1  1 1 0  0.000000  0.092620  0.000000     0     0     0    0 0  0.0000   0.000 0.0000 0.0000 0.0000     0.0    0.0   536
 812  710  1  1 1 0  0.000000  0.092620  0.000000     0     0     0    0 0  0.0000   0.000 0.0000 0.0000 0.0000     0.0    0.0   537
 713  711  1  1 1 0  0.000000  0.068960  0.000000     0     0     0    0 0  0.0000   0.000 0.0000 0.0000 0.0000     0.0    0.0   538
 820  712  1  1 1 0  0.000000  0.068960  0.000000     0     0     0    0 0  0.0000   0.000 0.0000 0.0000 0.0000     0.0    0.0   539
 820  712  1  1 1 0  0.000000  0.068960  0.000000     0     0     0    0 0  0.0000   0.000 0.0000 0.0000 0.0000     0.0    0.0   540
 820  712  1  1 1 0  0.000000  0.068960  0.000000     0     0     0    0 0  0.0000   0.000 0.0000 0.0000 0.0000     0.0    0.0   541
 820  712  1  1 1 0  0.000000  0.068960  0.000000     0     0     0    0 0  0.0000   0.000 0.0000 0.0000 0.0000     0.0    0.0   542
 820  712  1  1 1 0  0.000000  0.068960  0.000000     0     0     0    0 0  0.0000   0.000 0.0000 0.0000 0.0000     0.0    0.0   543
 820  712  1  1 1 0  0.000000  0.068960  0.000000     0     0     0    0 0  0.0000   0.000 0.0000 0.0000 0.0000     0.0    0.0   544
 714  766  1  1 1 0  0.000000  0.043400  0.000000     0     0     0    0 0  0.0000   0.000 0.0000 0.0000 0.0000     0.0    0.0   545
 714  766  1  1 1 0  0.000000  0.043230  0.000000     0     0     0    0 0  0.0000   0.000 0.0000 0.0000 0.0000     0.0    0.0   546
 714  766  1  1 1 0  0.000000  0.043400  0.000000     0     0     0    0 0  0.0000   0.000 0.0000 0.0000 0.0000     0.0    0.0   547
 714  766  1  1 1 0  0.000000  0.043230  0.000000     0     0     0    0 0  0.0000   0.000 0.0000 0.0000 0.0000     0.0    0.0   548
 718  752  1  1 1 0  0.000000  0.084000  0.000000     0     0     0    0 0  0.0000   0.000 0.0000 0.0000 0.0000     0.0    0.0   549
 718  752  1  1 1 0  0.000000  0.084000  0.000000     0     0     0    0 0  0.0000   0.000 0.0000 0.0000 0.0000     0.0    0.0   550
 718  752  1  1 1 0  0.000000  0.084000  0.000000     0     0     0    0 0  0.0000   0.000 0.0000 0.0000 0.0000     0.0    0.0   551
 718  752  1  1 1 0  0.000000  0.084000  0.000000     0     0     0    0 0  0.0000   0.000 0.0000 0.0000 0.0000     0.0    0.0   552
 718  752  1  1 1 0  0.000000  0.084000  0.000000     0     0     0    0 0  0.0000   0.000 0.0000 0.0000 0.0000     0.0    0.0   553
 718  752  1  1 1 0  0.000000  0.084000  0.000000     0     0     0    0 0  0.0000   0.000 0.0000 0.0000 0.0000     0.0    0.0   554
 718  752  1  1 1 0  0.000000  0.084000  0.000000     0     0     0    0 0  0.0000   0.000 0.0000 0.0000 0.0000     0.0    0.0   555
 718  752  1  1 1 0  0.000000  0.084000  0.000000     0     0     0    0 0  0.0000   0.000 0.0000 0.0000 0.0000     0.0    0.0   556
 720  722  1  1 1 0  0.000662  0.008360  1.022020     0     0     0    0 0  0.0000   0.000 0.0000 0.0000 0.0000     0.0    0.0   557
 720  736  1  1 1 0  0.000404  0.005110  0.624560     0     0     0    0 0  0.0000   0.000 0.0000 0.0000 0.0000     0.0    0.0   558
 722  750  1  1 1 0  0.003130  0.039500  4.826200     0     0     0    0 0  0.0000   0.000 0.0000 0.0000 0.0000     0.0    0.0   559
 722  766  1  1 1 0  0.001650  0.020910  2.555040     0     0     0    0 0  0.0000   0.000 0.0000 0.0000 0.0000     0.0    0.0   560
 723  736  1  1 1 1  0.000000  0.039440  0.000000     0     0     0    0 0  1.0400   0.000 1.0400 1.0400 0.0000     0.0    0.0   561
 723  805  1  1 1 0  0.011800  0.060300  0.105580     0     0     0    0 0  0.0000   0.000 0.0000 0.0000 0.0000     0.0    0.0   562
 723  805  1  1 1 0  0.011800  0.060300  0.105580     0     0     0    0 0  0.0000   0.000 0.0000 0.0000 0.0000     0.0    0.0   563
 732  733  1  1 1 0  0.001250  0.015800  1.929840     0     0     0    0 0  0.0000   0.000 0.0000 0.0000 0.0000     0.0    0.0   564
 739  732  1  1 1 2  0.000000  0.006250  0.000000     0     0     0    0 0  1.0420   0.000 0.9500 1.0500 0.0001     0.0    0.0   565
 732  742  1  1 1 0  0.000368  0.004640  0.567790     0     0     0    0 0  0.0000   0.000 0.0000 0.0000 0.0000     0.0    0.0   566
 732  748  1  1 1 0  0.002170  0.027420  3.349940     0     0     0    0 0  0.0000   0.000 0.0000 0.0000 0.0000     0.0    0.0   567
 734  733  1  1 1 2  0.000000  0.006250  0.000000     0     0     0    0 0  1.0270   0.000 0.9500 1.0500 0.0001     0.0    0.0   568
 733  736  1  1 1 0  0.002360  0.029860  3.648030     0     0     0    0 0  0.0000   0.000 0.0000 0.0000 0.0000     0.0    0.0   569
 735  734  1  1 1 2  0.000000  0.015200  0.000000     0     0     0    0 0  1.0510   0.000 0.9000 1.1000 0.0004     0.0    0.0   570
 734  794  1  1 1 0  0.012900  0.066700  0.114700     0     0     0    0 0  0.0000   0.000 0.0000 0.0000 0.0000     0.0    0.0   571
 734  794  1  1 1 0  0.014200  0.072900  0.127800     0     0     0    0 0  0.0000   0.000 0.0000 0.0000 0.0000     0.0    0.0   572
 734  808  1  1 1 0  0.028170  0.146130  0.250940     0     0     0    0 0  0.0000   0.000 0.0000 0.0000 0.0000     0.0    0.0   573
 734  808  1  1 1 0  0.028170  0.146130  0.250940     0     0     0    0 0  0.0000   0.000 0.0000 0.0000 0.0000     0.0    0.0   574
 735  833  1  1 1 0  0.033800  0.100600  0.025700     0     0     0    0 0  0.0000   0.000 0.0000 0.0000 0.0000     0.0    0.0   575
 735  833  1  1 1 0  0.040000  0.098700  0.025800     0     0     0    0 0  0.0000   0.000 0.0000 0.0000 0.0000     0.0    0.0   576
 736  748  1  1 1 0  0.001620  0.020450  2.497440     0     0     0    0 0  0.0000   0.000 0.0000 0.0000 0.0000     0.0    0.0   577
 736  750  1  1 1 0  0.002440  0.030900  3.775400     0     0     0    0 0  0.0000   0.000 0.0000 0.0000 0.0000     0.0    0.0   578
 739  794  1  1 1 0  0.018000  0.093200  0.160500     0     0     0    0 0  0.0000   0.000 0.0000 0.0000 0.0000     0.0    0.0   579
 739  797  1  1 1 0  0.017890  0.091600  0.110700     0     0     0    0 0  0.0000   0.000 0.0000 0.0000 0.0000     0.0    0.0   580
 743  742  1  1 1 1  0.000000  0.012500  0.000000     0     0     0    0 0  1.0100   0.000 1.0100 1.0100 0.0000     0.0    0.0   581
 742  748  1  1 1 0  0.001930  0.024400  2.980900     0     0     0    0 0  0.0000   0.000 0.0000 0.0000 0.0000     0.0    0.0   582
 749  748  1  1 1 1  0.000000  0.012500  0.000000     0     0     0    0 0  0.9900   0.000 0.9900 0.9900 0.0000     0.0    0.0   583
 748  760  1  1 1 0  0.001590  0.020090  2.454870     0     0     0    0 0  0.0000   0.000 0.0000 0.0000 0.0000     0.0    0.0   584
 748  772  1  1 1 0  0.000550  0.006930  0.851770     0     0     0    0 0  0.0000   0.000 0.0000 0.0000 0.0000     0.0    0.0   585
 749  820  1  1 1 0  0.030400  0.156900  0.270400     0     0     0    0 0  0.0000   0.000 0.0000 0.0000 0.0000     0.0    0.0   586
 749  820  1  1 1 0  0.030400  0.156900  0.270400     0     0     0    0 0  0.0000   0.000 0.0000 0.0000 0.0000     0.0    0.0   587
 750  751  1  1 1 0  0.000000  0.002900  0.000000     0     0     0    0 0  0.0000   0.000 0.0000 0.0000 0.0000     0.0    0.0   588
 750  753  1  1 1 0  0.000000  0.002900  0.000000     0     0     0    0 0  0.0000   0.000 0.0000 0.0000 0.0000     0.0    0.0   589
 750  757  1  1 1 0  0.000000  0.002900  0.000000     0     0     0    0 0  0.0000   0.000 0.0000 0.0000 0.0000     0.0    0.0   590
 754  752  1  1 1 1  0.000000  0.012500  0.000000     0     0     0    0 0  1.0200   0.000 1.0200 1.0200 0.0000     0.0    0.0   591
 752  762  1  1 1 0  0.003190  0.040316  4.925540     0     0     0    0 0  0.0000   0.000 0.0000 0.0000 0.0000     0.0    0.0   592
 755  754  1  1 1 2  0.000000  0.121600  0.000000     0     0     0    0 0  0.9650   0.000 0.9000 1.1000 0.0027     0.0    0.0   593
 754  976  1  1 1 0  0.023172  0.176850  0.411420     0     0     0    0 0  0.0000   0.000 0.0000 0.0000 0.0000     0.0    0.0   594
 754  976  1  1 1 0  0.023172  0.176850  0.411420     0     0     0    0 0  0.0000   0.000 0.0000 0.0000 0.0000     0.0    0.0   595
 755  851  1  1 1 0  0.030200  0.076100  0.020190     0     0     0    0 0  0.0000   0.000 0.0000 0.0000 0.0000     0.0    0.0   596
 760  762  1  1 1 0  0.001100  0.013940  1.703360     0     0     0    0 0  0.0000   0.000 0.0000 0.0000 0.0000     0.0    0.0   597
 760  766  1  1 1 0  0.001530  0.019400  2.369730     0     0     0    0 0  0.0000   0.000 0.0000 0.0000 0.0000     0.0    0.0   598
1148  760  1  1 1 0  0.000000 -0.001200  0.000000     0     0     0    0 0  0.0000   0.000 0.0000 0.0000 0.0000     0.0    0.0   599
1148  760  1  1 1 0  0.000000 -0.001200  0.000000     0     0     0    0 0  0.0000   0.000 0.0000 0.0000 0.0000     0.0    0.0   600
1148  760  1  1 1 0  0.000000 -0.001200  0.000000     0     0     0    0 0  0.0000   0.000 0.0000 0.0000 0.0000     0.0    0.0   601
 763  762  1  1 1 2  0.000000  0.006250  0.000000     0     0     0    0 0  0.9940   0.000 0.9500 1.0500 0.0001     0.0    0.0   602
 766  772  1  1 1 0  0.000550  0.006930  0.851770     0     0     0    0 0  0.0000   0.000 0.0000 0.0000 0.0000     0.0    0.0   603
 768  769  1  1 1 0  0.000000  0.029560  0.000000     0     0     0    0 0  0.0000   0.000 0.0000 0.0000 0.0000     0.0    0.0   604
 769  780  1  1 1 0  0.003020  0.015690  0.026920     0     0     0    0 0  0.0000   0.000 0.0000 0.0000 0.0000     0.0    0.0   605
 776  820  1  1 1 0  0.035200  0.182400  0.314300     0     0     0    0 0  0.0000   0.000 0.0000 0.0000 0.0000     0.0    0.0   606
 776  820  1  1 1 0  0.035200  0.182400  0.314300     0     0     0    0 0  0.0000   0.000 0.0000 0.0000 0.0000     0.0    0.0   607
 780  782  1  1 1 0  0.033700  0.125000  0.228000     0     0     0    0 0  0.0000   0.000 0.0000 0.0000 0.0000     0.0    0.0   608
 782  783  1  1 1 0  0.000000  0.111110  0.000000     0     0     0    0 0  0.0000   0.000 0.0000 0.0000 0.0000     0.0    0.0   609
 782  784  1  1 1 0  0.000000  0.111110  0.000000     0     0     0    0 0  0.0000   0.000 0.0000 0.0000 0.0000     0.0    0.0   610
 782  812  1  1 1 0  0.046200  0.234500  0.416800     0     0     0    0 0  0.0000   0.000 0.0000 0.0000 0.0000     0.0    0.0   611
 787  802  1  1 1 0  0.012350  0.063700  0.109590     0     0     0    0 0  0.0000   0.000 0.0000 0.0000 0.0000     0.0    0.0   612
 787  802  1  1 1 0  0.012330  0.063130  0.110790     0     0     0    0 0  0.0000   0.000 0.0000 0.0000 0.0000     0.0    0.0   613
 787  824  1  1 1 0  0.003800  0.019600  0.033720     0     0     0    0 0  0.0000   0.000 0.0000 0.0000 0.0000     0.0    0.0   614
 795  794  1  1 1 2  0.000000  0.030900  0.000000     0     0     0    0 0  1.0500   0.000 0.8600 1.0500 0.0008     0.0    0.0   615
 794  797  1  1 1 0  0.001650  0.008450  0.014830     0     0     0    0 0  0.0000   0.000 0.0000 0.0000 0.0000     0.0    0.0   616
 798  797  1  1 1 1  0.000000  0.060800  0.000000     0     0     0    0 0  0.9800   0.000 0.9800 0.9800 0.0000     0.0    0.0   617
 798  797  1  1 1 1  0.000000  0.060800  0.000000     0     0     0    0 0  0.9800   0.000 0.9800 0.9800 0.0000     0.0    0.0   618
 800  802  1  1 1 0  0.000140  0.000740  0.001280     0     0     0    0 0  0.0000   0.000 0.0000 0.0000 0.0000     0.0    0.0   619
 803  800  1  1 1 2  0.000000  0.039450  0.000000     0     0     0    0 0  1.0290   0.000 0.9000 1.1000 0.0011     0.0    0.0   620
 802  808  1  1 1 0  0.020610  0.106900  0.183580     0     0     0    0 0  0.0000   0.000 0.0000 0.0000 0.0000     0.0    0.0   621
 802  808  1  1 1 0  0.020610  0.106900  0.183580     0     0     0    0 0  0.0000   0.000 0.0000 0.0000 0.0000     0.0    0.0   622
 802  824  1  1 1 0  0.009500  0.049100  0.084300     0     0     0    0 0  0.0000   0.000 0.0000 0.0000 0.0000     0.0    0.0   623
 803  809  1  1 1 0  0.071200  0.258700  0.064600     0     0     0    0 0  0.0000   0.000 0.0000 0.0000 0.0000     0.0    0.0   624
 803  838  1  1 1 0  0.033100  0.120400  0.030100     0     0     0    0 0  0.0000   0.000 0.0000 0.0000 0.0000     0.0    0.0   625
 809  808  1  1 1 2  0.000000  0.041070  0.000000     0     0     0    0 0  1.0490   0.000 0.9500 1.0500 0.0005     0.0    0.0   626
 809  838  1  1 1 0  0.046500  0.169100  0.042200     0     0     0    0 0  0.0000   0.000 0.0000 0.0000 0.0000     0.0    0.0   627
 814  812  1  1 1 2  0.000000  0.119500  0.000000     0     0     0    0 0  1.0080   0.000 0.9150 1.0850 0.0023     0.0    0.0   628
 812  826  1  1 1 0  0.015200  0.078400  0.135200     0     0     0    0 0  0.0000   0.000 0.0000 0.0000 0.0000     0.0    0.0   629
 812  826  1  1 1 0  0.015200  0.078400  0.135200     0     0     0    0 0  0.0000   0.000 0.0000 0.0000 0.0000     0.0    0.0   630
 820  821  1  1 1 1  0.000000  0.445600  0.000000     0     0     0    0 0  1.0200   0.000 1.0200 1.0200 0.0000     0.0    0.0   631
 820  826  1  1 1 0  0.030700  0.158800  0.273700     0     0     0    0 0  0.0000   0.000 0.0000 0.0000 0.0000     0.0    0.0   632
 826  827  1  1 1 0  0.000000  0.158900  0.000000     0     0     0    0 0  0.0000   0.000 0.0000 0.0000 0.0000     0.0    0.0   633
 826  827  1  1 1 0  0.000000  0.158900  0.000000     0     0     0    0 0  0.0000   0.000 0.0000 0.0000 0.0000     0.0    0.0   634
 826  827  1  1 1 0  0.000000  0.158900  0.000000     0     0     0    0 0  0.0000   0.000 0.0000 0.0000 0.0000     0.0    0.0   635
 826  827  1  1 1 0  0.000000  0.158900  0.000000     0     0     0    0 0  0.0000   0.000 0.0000 0.0000 0.0000     0.0    0.0   636
 830  827  1  1 1 1  0.000000 -0.026900  0.000000     0     0     0    0 0  1.0500   0.000 1.0500 1.0500 0.0000     0.0    0.0   637
 830  827  1  1 1 1  0.000000 -0.026900  0.000000     0     0     0    0 0  1.0500   0.000 1.0500 1.0500 0.0000     0.0    0.0   638
 830  827  1  1 1 1  0.000000 -0.026900  0.000000     0     0     0    0 0  1.0500   0.000 1.0500 1.0500 0.0000     0.0    0.0   639
 830  827  1  1 1 1  0.000000 -0.026900  0.000000     0     0     0    0 0  1.0500   0.000 1.0500 1.0500 0.0000     0.0    0.0   640
 833  834  1  1 1 2  0.000000  0.083120  0.000000     0     0     0    0 0  1.0470   0.000 0.8570 1.0470 0.0033     0.0    0.0   641
 835  834  1  1 1 1  0.000000  0.074720  0.000000     0     0     0    0 0  0.9560   0.000 0.9560 0.9560 0.0000     0.0    0.0   642
 851  852  1  1 1 2  0.000000  0.395000  0.000000     0     0     0    0 0  0.9670   0.000 0.9500 1.1000 0.0000     0.0    0.0   643
 852  853  1  1 1 0  0.000000  0.365000  0.000000     0     0     0    0 0  0.0000   0.000 0.0000 0.0000 0.0000     0.0    0.0   644
 852  854  1  1 1 0  0.000000  0.035000  0.000000     0     0     0    0 0  0.0000   0.000 0.0000 0.0000 0.0000     0.0    0.0   645
 855  856  1  1 1 0  0.045000  0.116700  0.028400     0     0     0    0 0  0.0000   0.000 0.0000 0.0000 0.0000     0.0    0.0   646
 855  977  1  1 1 0  0.060000  0.155900  0.037890     0     0     0    0 0  0.0000   0.000 0.0000 0.0000 0.0000     0.0    0.0   647
 856  863  1  1 1 2  0.000000  0.300000  0.000000     0     0     0    0 0  0.9570   0.000 0.9500 1.1000 0.0075     0.0    0.0   648
 894  895  1  1 1 0  0.000000 -0.020000  0.000000     0     0     0    0 0  0.0000   0.000 0.0000 0.0000 0.0000     0.0    0.0   649
 894  896  1  1 1 0  0.000000  0.310000  0.000000     0     0     0    0 0  0.0000   0.000 0.0000 0.0000 0.0000     0.0    0.0   650
 980  894  1  1 1 2  0.000000  0.240000  0.000000     0     0     0    0 0  0.9650   0.000 0.9000 1.1000 0.0000     0.0    0.0   651
 895  897  1  1 1 1  0.000000  1.490000  0.000000     0     0     0    0 0  0.9750   0.000 0.9750 0.9750 0.0000     0.0    0.0   652
 901  902  1  1 1 0  0.000000  1.500000  0.000000     0     0     0    0 0  0.0000   0.000 0.0000 0.0000 0.0000     0.0    0.0   653
 901  981  1  1 1 4  0.000000  0.900000  0.000000     0     0     0    0 0  1.0510  -9.000 0.9000 1.1000 0.0000     0.0    0.0   654
 979  905  1  1 1 2  0.000000  0.200000  0.000000     0     0     0    0 0  0.9790   0.000 0.9000 1.1000 0.0050     0.0    0.0   655
 906  910  1  1 1 0  0.000000 -0.020000  0.000000     0     0     0    0 0  0.0000   0.000 0.0000 0.0000 0.0000     0.0    0.0   656
 978  906  1  1 1 2  0.000000  0.240000  0.000000     0     0     0    0 0  0.9770   0.000 0.9000 1.1000 0.0000     0.0    0.0   657
 908  910  1  1 1 0  0.000000 -0.020000  0.000000     0     0     0    0 0  0.0000   0.000 0.0000 0.0000 0.0000     0.0    0.0   658
 978  908  1  1 1 2  0.000000  0.240000  0.000000     0     0     0    0 0  0.9770   0.000 0.9000 1.1000 0.0000     0.0    0.0   659
 978  911  1  1 1 4  0.000000  0.400000  0.000000     0     0     0    0 0  0.9680   9.110 0.9000 1.1000 0.0080     0.0    0.0   660
 918  919  1  1 1 0  0.000000  1.500000  0.000000     0     0     0    0 0  0.0000   0.000 0.0000 0.0000 0.0000     0.0    0.0   661
 982  918  1  1 1 2  0.000000  0.900000  0.000000     0     0     0    0 0  0.9470   0.000 0.9000 1.1000 0.0000     0.0    0.0   662
 920  921  1  1 1 2  0.000000  0.395000  0.000000     0     0     0    0 0  0.9750   0.000 0.9500 1.1000 0.0075     0.0    0.0   663
 920  925  1  1 1 0  0.117900  0.296700  0.078740     0     0     0    0 0  0.0000   0.000 0.0000 0.0000 0.0000     0.0    0.0   664
 920  986  1  1 1 0  0.125000  0.324200  0.078880     0     0     0    0 0  0.0000   0.000 0.0000 0.0000 0.0000     0.0    0.0   665
 921  922  1  1 1 0  0.000000  0.365000  0.000000     0     0     0    0 0  0.0000   0.000 0.0000 0.0000 0.0000     0.0    0.0   666
 921  923  1  1 1 0  0.000000  0.035000  0.000000     0     0     0    0 0  0.0000   0.000 0.0000 0.0000 0.0000     0.0    0.0   667
 925  926  1  1 1 2  0.000000  0.400000  0.000000     0     0     0    0 0  0.9450   0.000 0.9000 1.1000 0.0000     0.0    0.0   668
 926  927  1  1 1 0  0.000000  1.500000  0.000000     0     0     0    0 0  0.0000   0.000 0.0000 0.0000 0.0000     0.0    0.0   669
 943  986  1  1 1 0  0.018800  0.032000  0.011520     0     0     0    0 0  0.0000   0.000 0.0000 0.0000 0.0000     0.0    0.0   670
 987  945  1  1 1 2  0.000000  0.300000  0.000000     0     0     0    0 0  0.9870   0.000 0.9000 1.1000 0.0057     0.0    0.0   671
 988  946  1  1 1 2  0.000000  0.300000  0.000000     0     0     0    0 0  0.9950   0.000 0.9000 1.1000 0.0057     0.0    0.0   672
 989  947  1  1 1 2  0.000000  0.200000  0.000000     0     0     0    0 0  1.0060   0.000 0.9000 1.1000 0.0053     0.0    0.0   673
 990  948  1  1 1 2  0.000000  0.300000  0.000000     0     0     0    0 0  0.9900   0.000 0.9000 1.1000 0.0057     0.0    0.0   674
 991  949  1  1 1 2  0.000000  0.190000  0.000000     0     0     0    0 0  0.9680   0.000 0.9000 1.1000 0.0033     0.0    0.0   675
 992  950  1  1 1 2  0.000000  0.920000  0.000000     0     0     0    0 0  0.9680   0.000 0.9000 1.1000 0.0100     0.0    0.0   676
 957  959  1  1 1 0  0.000000  3.050000  0.000000     0     0     0    0 0  0.0000   0.000 0.0000 0.0000 0.0000     0.0    0.0   677
 994  957  1  1 1 2  0.000000  0.580000  0.000000     0     0     0    0 0  0.9770   0.000 0.9000 1.1000 0.0100     0.0    0.0   678
 958  994  1  1 1 0  0.000000  0.216100  0.000000     0     0     0    0 0  0.0000   0.000 0.0000 0.0000 0.0000     0.0    0.0   679
 965 1490  1  1 1 0  0.100000  0.259400  0.063110     0     0     0    0 0  0.0000   0.000 0.0000 0.0000 0.0000     0.0    0.0   680
 967  968  1  1 1 0  0.000000  0.365000  0.000000     0     0     0    0 0  0.0000   0.000 0.0000 0.0000 0.0000     0.0    0.0   681
 967  969  1  1 1 0  0.000000  0.035000  0.000000     0     0     0    0 0  0.0000   0.000 0.0000 0.0000 0.0000     0.0    0.0   682
 996  967  1  1 1 2  0.000000  0.395000  0.000000     0     0     0    0 0  1.0030   0.000 0.9000 1.1000 0.0000     0.0    0.0   683
 999  974  1  1 1 2  0.000000  0.300000  0.000000     0     0     0    0 0  0.9940   0.000 0.9000 1.1000 0.0077     0.0    0.0   684
 977  976  1  1 1 2  0.000000  0.060800  0.000000     0     0     0    0 0  0.9980   0.000 0.9000 1.1000 0.0018     0.0    0.0   685
 976  993  1  1 1 0  0.020965  0.160000  0.372240     0     0     0    0 0  0.0000   0.000 0.0000 0.0000 0.0000     0.0    0.0   686
 976  995  1  1 1 0  0.027365  0.208850  0.455870     0     0     0    0 0  0.0000   0.000 0.0000 0.0000 0.0000     0.0    0.0   687
 977  978  1  1 1 0  0.015800  0.081700  0.018170     0     0     0    0 0  0.0000   0.000 0.0000 0.0000 0.0000     0.0    0.0   688
 977  979  1  1 1 0  0.030000  0.076300  0.019330     0     0     0    0 0  0.0000   0.000 0.0000 0.0000 0.0000     0.0    0.0   689
 978  979  1  1 1 0  0.007000  0.017800  0.004510     0     0     0    0 0  0.0000   0.000 0.0000 0.0000 0.0000     0.0    0.0   690
 978  980  1  1 1 0  0.120000  0.333300  0.082000     0     0     0    0 0  0.0000   0.000 0.0000 0.0000 0.0000     0.0    0.0   691
 978  982  1  1 1 0  0.090000  0.233500  0.056790     0     0     0    0 0  0.0000   0.000 0.0000 0.0000 0.0000     0.0    0.0   692
 980  981  1  1 1 0  0.059000  0.153000  0.037800     0     0     0    0 0  0.0000   0.000 0.0000 0.0000 0.0000     0.0    0.0   693
 981 1487  1  1 1 0  0.053000  0.164900  0.043340     0     0     0    0 0  0.0000   0.000 0.0000 0.0000 0.0000     0.0    0.0   694
 982  988  1  1 1 0  0.129000  0.334600  0.081410     0     0     0    0 0  0.0000   0.000 0.0000 0.0000 0.0000     0.0    0.0   695
 983  985  1  1 1 0  0.000000  0.930000  0.000000     0     0     0    0 0  0.0000   0.000 0.0000 0.0000 0.0000     0.0    0.0   696
 984  985  1  1 1 0  0.000000  0.590000  0.000000     0     0     0    0 0  0.0000   0.000 0.0000 0.0000 0.0000     0.0    0.0   697
 985  986  1  1 1 0  0.115000  0.287200  0.075720     0     0     0    0 0  0.0000   0.000 0.0000 0.0000 0.0000     0.0    0.0   698
 985  986  1  1 1 0  0.115000  0.287200  0.075720     0     0     0    0 0  0.0000   0.000 0.0000 0.0000 0.0000     0.0    0.0   699
 985  986  1  1 1 0  0.115000  0.287200  0.075720     0     0     0    0 0  0.0000   0.000 0.0000 0.0000 0.0000     0.0    0.0   700
 985  986  1  1 1 0  0.115000  0.287200  0.075720     0     0     0    0 0  0.0000   0.000 0.0000 0.0000 0.0000     0.0    0.0   701
 985 1486  1  1 1 0  0.212600  0.527400  0.139580     0     0     0    0 0  0.0000   0.000 0.0000 0.0000 0.0000     0.0    0.0   702
 985 1486  1  1 1 0  0.212600  0.527400  0.139580     0     0     0    0 0  0.0000   0.000 0.0000 0.0000 0.0000     0.0    0.0   703
 985 1486  1  1 1 0  0.212600  0.527400  0.139580     0     0     0    0 0  0.0000   0.000 0.0000 0.0000 0.0000     0.0    0.0   704
 985 1486  1  1 1 0  0.212600  0.527400  0.139580     0     0     0    0 0  0.0000   0.000 0.0000 0.0000 0.0000     0.0    0.0   705
 986  987  1  1 1 0  0.002800  0.014700  0.025200     0     0     0    0 0  0.0000   0.000 0.0000 0.0000 0.0000     0.0    0.0   706
 986  988  1  1 1 0  0.006500  0.032500  0.009360     0     0     0    0 0  0.0000   0.000 0.0000 0.0000 0.0000     0.0    0.0   707
 986  989  1  1 1 0  0.004900  0.017900  0.004890     0     0     0    0 0  0.0000   0.000 0.0000 0.0000 0.0000     0.0    0.0   708
 986  989  1  1 1 0  0.004900  0.017900  0.004890     0     0     0    0 0  0.0000   0.000 0.0000 0.0000 0.0000     0.0    0.0   709
 986  992  1  1 1 0  0.016400  0.076800  0.022170     0     0     0    0 0  0.0000   0.000 0.0000 0.0000 0.0000     0.0    0.0   710
 987  992  1  1 1 0  0.010390  0.053900  0.092500     0     0     0    0 0  0.0000   0.000 0.0000 0.0000 0.0000     0.0    0.0   711
 989  990  1  1 1 0  0.020000  0.052000  0.012600     0     0     0    0 0  0.0000   0.000 0.0000 0.0000 0.0000     0.0    0.0   712
 989  991  1  1 1 0  0.028000  0.072600  0.017600     0     0     0    0 0  0.0000   0.000 0.0000 0.0000 0.0000     0.0    0.0   713
 990  992  1  1 1 0  0.027000  0.070000  0.017040     0     0     0    0 0  0.0000   0.000 0.0000 0.0000 0.0000     0.0    0.0   714
 991  992  1  1 1 0  0.016000  0.040800  0.010300     0     0     0    0 0  0.0000   0.000 0.0000 0.0000 0.0000     0.0    0.0   715
 992  993  1  1 1 2  0.000000  0.061800  0.000000     0     0     0    0 0  1.0040   0.000 0.9000 1.1000 0.0021     0.0    0.0   716
 992  994  1  1 1 0  0.118700  0.302500  0.076700     0     0     0    0 0  0.0000   0.000 0.0000 0.0000 0.0000     0.0    0.0   717
 992  994  1  1 1 0  0.118700  0.302500  0.076700     0     0     0    0 0  0.0000   0.000 0.0000 0.0000 0.0000     0.0    0.0   718
 993  995  1  1 1 0  0.014000  0.106950  0.248810     0     0     0    0 0  0.0000   0.000 0.0000 0.0000 0.0000     0.0    0.0   719
 994  995  1  1 1 2  0.000000  0.061800  0.000000     0     0     0    0 0  0.9500   0.000 0.9500 1.0500 0.0012     0.0    0.0   720
 994  996  1  1 1 0  0.070000  0.178000  0.045130     0     0     0    0 0  0.0000   0.000 0.0000 0.0000 0.0000     0.0    0.0   721
 994  998  1  1 1 0  0.252200  0.682600  0.163600     0     0     0    0 0  0.0000   0.000 0.0000 0.0000 0.0000     0.0    0.0   722
 994  998  1  1 1 0  0.082750  0.631580  0.190420     0     0     0    0 0  0.0000   0.000 0.0000 0.0000 0.0000     0.0    0.0   723
 996  999  1  1 1 0  0.219600  0.559200  0.141800     0     0     0    0 0  0.0000   0.000 0.0000 0.0000 0.0000     0.0    0.0   724
 998  999  1  1 1 0  0.072000  0.186500  0.045430     0     0     0    0 0  0.0000   0.000 0.0000 0.0000 0.0000     0.0    0.0   725
1101 1155  1  1 1 0  0.000000  0.031100  0.000000     0     0     0    0 0  0.0000   0.000 0.0000 0.0000 0.0000     0.0    0.0   726
1102 1157  1  1 1 0  0.000000  0.172400  0.000000     0     0     0    0 0  0.0000   0.000 0.0000 0.0000 0.0000     0.0    0.0   727
1162 1103  1  1 1 0  0.000000  0.019700  0.000000     0     0     0    0 0  0.0000   0.000 0.0000 0.0000 0.0000     0.0    0.0   728
1168 1106  1  1 1 1  0.000000  0.216700  0.000000     0     0     0    0 0  1.1250   0.000 1.1250 1.1250 0.0000     0.0    0.0   729
1170 1107  1  1 1 0  0.000000  0.130000  0.000000     0     0     0    0 0  0.0000   0.000 0.0000 0.0000 0.0000     0.0    0.0   730
1109 1171  1  1 1 0  0.000000  0.127100  0.000000     0     0     0    0 0  0.0000   0.000 0.0000 0.0000 0.0000     0.0    0.0   731
1110 1175  1  1 1 0  0.000000  0.072000  0.000000     0     0     0    0 0  0.0000   0.000 0.0000 0.0000 0.0000     0.0    0.0   732
1183 1112  1  1 1 0  0.000000  0.009160  0.000000     0     0     0    0 0  0.0000   0.000 0.0000 0.0000 0.0000     0.0    0.0   733
1185 1113  1  1 1 0  0.000000  0.037900  0.000000     0     0     0    0 0  0.0000   0.000 0.0000 0.0000 0.0000     0.0    0.0   734
1186 1114  1  1 1 0  0.000000  0.009640  0.000000     0     0     0    0 0  0.0000   0.000 0.0000 0.0000 0.0000     0.0    0.0   735
1115 1187  1  1 1 0  0.000000  0.013600  0.000000     0     0     0    0 0  0.0000   0.000 0.0000 0.0000 0.0000     0.0    0.0   736
1184 1117  1  1 1 0  0.000000  0.001680  0.000000     0     0     0    0 0  0.0000   0.000 0.0000 0.0000 0.0000     0.0    0.0   737
1196 1120  1  1 1 1  0.000000  0.006850  0.000000     0     0     0    0 0  1.0500   0.000 1.0500 1.0500 0.0000     0.0    0.0   738
1204 1122  1  1 1 0  0.000000  0.007900  0.000000     0     0     0    0 0  0.0000   0.000 0.0000 0.0000 0.0000     0.0    0.0   739
1206 1124  1  1 1 0  0.000000  0.041100  0.000000     0     0     0    0 0  0.0000   0.000 0.0000 0.0000 0.0000     0.0    0.0   740
1205 1125  1  1 1 1  0.000000  0.063300  0.000000     0     0     0    0 0  1.0500   0.000 1.0500 1.0500 0.0000     0.0    0.0   741
1211 1126  1  1 1 1  0.000000  0.034100  0.000000     0     0     0    0 0  1.0150   0.000 1.0150 1.0150 0.0000     0.0    0.0   742
1222 1130  1  1 1 0  0.000000  0.010400  0.000000     0     0     0    0 0  0.0000   0.000 0.0000 0.0000 0.0000     0.0    0.0   743
1131 1136  1  1 1 0  0.001900  0.026190  0.620600     0     0     0    0 0  0.0000   0.000 0.0000 0.0000 0.0000     0.0    0.0   744
1131 1136  1  1 1 0  0.001900  0.026190  0.620600     0     0     0    0 0  0.0000   0.000 0.0000 0.0000 0.0000     0.0    0.0   745
1131 1189  1  1 1 0  0.001057  0.017640  0.492820     0     0     0    0 0  0.0000   0.000 0.0000 0.0000 0.0000     0.0    0.0   746
1131 1189  1  1 1 0  0.001057  0.017640  0.492820     0     0     0    0 0  0.0000   0.000 0.0000 0.0000 0.0000     0.0    0.0   747
1223 1131  1  1 1 1  0.000000  0.007620  0.000000     0     0     0    0 0  1.0500   0.000 1.0500 1.0500 0.0000     0.0    0.0   748
1131 1355  1  1 1 0  0.000806  0.012914  0.383410     0     0     0    0 0  0.0000   0.000 0.0000 0.0000 0.0000     0.0    0.0   749
1131 1355  1  1 1 0  0.000806  0.012914  0.383410     0     0     0    0 0  0.0000   0.000 0.0000 0.0000 0.0000     0.0    0.0   750
1132 1167  1  1 1 0  0.018580  0.133780  0.201190     0     0     0    0 0  0.0000   0.000 0.0000 0.0000 0.0000     0.0    0.0   751
1132 1167  1  1 1 0  0.018580  0.133780  0.201190     0     0     0    0 0  0.0000   0.000 0.0000 0.0000 0.0000     0.0    0.0   752
1132 1210  1  1 1 0  0.012730  0.091640  0.137820     0     0     0    0 0  0.0000   0.000 0.0000 0.0000 0.0000     0.0    0.0   753
1132 1224  1  1 1 0  0.000000  0.160300  0.000000     0     0     0    0 0  0.0000   0.000 0.0000 0.0000 0.0000     0.0    0.0   754
1225 1132  1  1 1 1  0.000000  0.211400  0.000000     0     0     0    0 0  0.9600   0.000 0.9600 0.9600 0.0000     0.0    0.0   755
1134 1227  1  1 1 0  0.000000  0.010000  0.000000     0     0     0    0 0  0.0000   0.000 0.0000 0.0000 0.0000     0.0    0.0   756
1136 1226  1  1 1 1  0.000000 -0.000700  0.000000     0     0     0    0 0  0.9240   0.000 0.9240 0.9240 0.0000     0.0    0.0   757
1136 1227  1  1 1 1  0.000000 -0.000350  0.000000     0     0     0    0 0  0.9240   0.000 0.9240 0.9240 0.0000     0.0    0.0   758
1136 1350  1  1 1 0  0.000800  0.007800  0.125600     0     0     0    0 0  0.0000   0.000 0.0000 0.0000 0.0000     0.0    0.0   759
1136 1350  1  1 1 0  0.000800  0.007800  0.125600     0     0     0    0 0  0.0000   0.000 0.0000 0.0000 0.0000     0.0    0.0   760
1136 1356  1  1 1 0  0.000820  0.007410  0.128450     0     0     0    0 0  0.0000   0.000 0.0000 0.0000 0.0000     0.0    0.0   761
1136 1356  1  1 1 0  0.000820  0.007410  0.128450     0     0     0    0 0  0.0000   0.000 0.0000 0.0000 0.0000     0.0    0.0   762
1136 1357  1  1 1 0  0.001080  0.009840  0.170730     0     0     0    0 0  0.0000   0.000 0.0000 0.0000 0.0000     0.0    0.0   763
1136 1357  1  1 1 0  0.001080  0.009840  0.170730     0     0     0    0 0  0.0000   0.000 0.0000 0.0000 0.0000     0.0    0.0   764
1136 1357  1  1 1 0  0.001080  0.009840  0.170730     0     0     0    0 0  0.0000   0.000 0.0000 0.0000 0.0000     0.0    0.0   765
1232 1137  1  1 1 0  0.000000  0.108400  0.000000     0     0     0    0 0  0.0000   0.000 0.0000 0.0000 0.0000     0.0    0.0   766
1138 1232  1  1 1 0 -0.000640  0.092787  0.000000     0     0     0    0 0  0.0000   0.000 0.0000 0.0000 0.0000     0.0    0.0   767
1138 1233  1  1 1 0 -0.001260  0.183010  0.000000     0     0     0    0 0  0.0000   0.000 0.0000 0.0000 0.0000     0.0    0.0   768
1139 1141  1  1 1 0  0.000000 -0.009160  0.000000     0     0     0    0 0  0.0000   0.000 0.0000 0.0000 0.0000     0.0    0.0   769
1139 1230  1  1 1 0  0.000740  0.018320  8.769000     0     0     0    0 0  0.0000   0.000 0.0000 0.0000 0.0000     0.0    0.0   770
1140 1141  1  1 1 0  0.000000 -0.009160  0.000000     0     0     0    0 0  0.0000   0.000 0.0000 0.0000 0.0000     0.0    0.0   771
1140 1230  1  1 1 0  0.000740  0.018320  8.769000     0     0     0    0 0  0.0000   0.000 0.0000 0.0000 0.0000     0.0    0.0   772
1141 1145  1  1 1 0  0.000630  0.015600  7.453000     0     0     0    0 0  0.0000   0.000 0.0000 0.0000 0.0000     0.0    0.0   773
1141 1146  1  1 1 0  0.000630  0.015600  7.453000     0     0     0    0 0  0.0000   0.000 0.0000 0.0000 0.0000     0.0    0.0   774
1141 1147  1  1 1 0  0.000630  0.015600  7.453000     0     0     0    0 0  0.0000   0.000 0.0000 0.0000 0.0000     0.0    0.0   775
1141 1190  1  1 1 0  0.000000 -0.009160  0.000000     0     0     0    0 0  0.0000   0.000 0.0000 0.0000 0.0000     0.0    0.0   776
1142 1149  1  1 1 0  0.000000 -0.007250  0.000000     0     0     0    0 0  0.0000   0.000 0.0000 0.0000 0.0000     0.0    0.0   777
1142 1184  1  1 1 0  0.000740  0.018120  8.686000     0     0     0    0 0  0.0000   0.000 0.0000 0.0000 0.0000     0.0    0.0   778
1143 1149  1  1 1 0  0.000000 -0.007250  0.000000     0     0     0    0 0  0.0000   0.000 0.0000 0.0000 0.0000     0.0    0.0   779
1143 1184  1  1 1 0  0.000740  0.018120  8.686000     0     0     0    0 0  0.0000   0.000 0.0000 0.0000 0.0000     0.0    0.0   780
1144 1149  1  1 1 0  0.000000 -0.007250  0.000000     0     0     0    0 0  0.0000   0.000 0.0000 0.0000 0.0000     0.0    0.0   781
1144 1184  1  1 1 0  0.000740  0.018120  8.686000     0     0     0    0 0  0.0000   0.000 0.0000 0.0000 0.0000     0.0    0.0   782
1145 1149  1  1 1 0  0.000000 -0.007800  0.000000     0     0     0    0 0  0.0000   0.000 0.0000 0.0000 0.0000     0.0    0.0   783
1146 1149  1  1 1 0  0.000000 -0.007800  0.000000     0     0     0    0 0  0.0000   0.000 0.0000 0.0000 0.0000     0.0    0.0   784
1147 1149  1  1 1 0  0.000000 -0.007800  0.000000     0     0     0    0 0  0.0000   0.000 0.0000 0.0000 0.0000     0.0    0.0   785
1149 1148  1  1 1 0  0.000000  0.007900  0.000000     0     0     0    0 0  0.0000   0.000 0.0000 0.0000 0.0000     0.0    0.0   786
1149 1148  1  1 1 0  0.000000  0.007900  0.000000     0     0     0    0 0  0.0000   0.000 0.0000 0.0000 0.0000     0.0    0.0   787
1149 1148  1  1 1 0  0.000000  0.007900  0.000000     0     0     0    0 0  0.0000   0.000 0.0000 0.0000 0.0000     0.0    0.0   788
1159 1155  1  1 1 0  0.000000 -0.001100  0.000000     0     0     0    0 0  0.0000   0.000 0.0000 0.0000 0.0000     0.0    0.0   789
1160 1155  1  1 1 0  0.000000  0.014800  0.000000     0     0     0    0 0  0.0000   0.000 0.0000 0.0000 0.0000     0.0    0.0   790
1160 1157  1  1 1 1  0.000000 -0.025500  0.000000     0     0     0    0 0  0.9750   0.000 0.9750 0.9750 0.0000     0.0    0.0   791
1161 1157  1  1 1 1  0.000000  0.049900  0.000000     0     0     0    0 0  1.0500   0.000 1.0500 1.0500 0.0000     0.0    0.0   792
1160 1158  1  1 1 1  0.000000 -0.012750  0.000000     0     0     0    0 0  0.9750   0.000 0.9750 0.9750 0.0000     0.0    0.0   793
1161 1158  1  1 1 1  0.000000  0.025000  0.000000     0     0     0    0 0  1.0500   0.000 1.0500 1.0500 0.0000     0.0    0.0   794
1159 1201  1  1 1 0  0.009675  0.073091  0.000000     0     0     0    0 0  0.0000   0.000 0.0000 0.0000 0.0000     0.0    0.0   795
1160 1197  1  1 1 0  0.007000  0.061580  1.049230     0     0     0    0 0  0.0000   0.000 0.0000 0.0000 0.0000     0.0    0.0   796
1160 1197  1  1 1 0  0.005770  0.061360  1.054930     0     0     0    0 0  0.0000   0.000 0.0000 0.0000 0.0000     0.0    0.0   797
1160 1199  1  1 1 0  0.001070  0.011270  0.190800     0     0     0    0 0  0.0000   0.000 0.0000 0.0000 0.0000     0.0    0.0   798
1160 1199  1  1 1 0  0.001370  0.011940  0.200320     0     0     0    0 0  0.0000   0.000 0.0000 0.0000 0.0000     0.0    0.0   799
1160 1201  1  1 1 0  0.001369  0.014750  0.257230     0     0     0    0 0  0.0000   0.000 0.0000 0.0000 0.0000     0.0    0.0   800
1160 1201  1  1 1 0  0.001370  0.014750  0.257230     0     0     0    0 0  0.0000   0.000 0.0000 0.0000 0.0000     0.0    0.0   801
1161 1162  1  1 1 0  0.001070  0.016140  1.351990     0     0     0    0 0  0.0000   0.000 0.0000 0.0000 0.0000     0.0    0.0   802
1161 1177  1  1 1 0  0.001580  0.023760  2.002930     0     0     0    0 0  0.0000   0.000 0.0000 0.0000 0.0000     0.0    0.0   803
1161 1177  1  1 1 0  0.001580  0.023760  2.002930     0     0     0    0 0  0.0000   0.000 0.0000 0.0000 0.0000     0.0    0.0   804
1161 1209  1  1 1 0  0.000090  0.001630  0.175500     0     0     0    0 0  0.0000   0.000 0.0000 0.0000 0.0000     0.0    0.0   805
1161 1209  1  1 1 0  0.000090  0.001630  0.175500     0     0     0    0 0  0.0000   0.000 0.0000 0.0000 0.0000     0.0    0.0   806
1162 1177  1  1 1 0  0.000930  0.014050  1.175120     0     0     0    0 0  0.0000   0.000 0.0000 0.0000 0.0000     0.0    0.0   807
1162 1209  1  1 1 0  0.001370  0.020670  1.731500     0     0     0    0 0  0.0000   0.000 0.0000 0.0000 0.0000     0.0    0.0   808
1162 1209  1  1 1 0  0.001370  0.020670  1.731500     0     0     0    0 0  0.0000   0.000 0.0000 0.0000 0.0000     0.0    0.0   809
1163 1180  1  1 1 0  0.001600  0.024170  2.038570     0     0     0    0 0  0.0000   0.000 0.0000 0.0000 0.0000     0.0    0.0   810
1163 1204  1  1 1 0  0.001810  0.027320  2.314290     0     0     0    0 0  0.0000   0.000 0.0000 0.0000 0.0000     0.0    0.0   811
1163 1204  1  1 1 0  0.001790  0.027050  2.290430     0     0     0    0 0  0.0000   0.000 0.0000 0.0000 0.0000     0.0    0.0   812
1163 1214  1  1 1 0  0.001640  0.024720  2.086110     0     0     0    0 0  0.0000   0.000 0.0000 0.0000 0.0000     0.0    0.0   813
1164 1171  1  1 1 0  0.000000  0.000400  0.000000     0     0     0    0 0  0.0000   0.000 0.0000 0.0000 0.0000     0.0    0.0   814
1164 1172  1  1 1 0  0.000000  0.002300  0.000000     0     0     0    0 0  0.0000   0.000 0.0000 0.0000 0.0000     0.0    0.0   815
1165 1167  1  1 1 0  0.002100  0.013800  0.020400     0     0     0    0 0  0.0000   0.000 0.0000 0.0000 0.0000     0.0    0.0   816
1165 1169  1  1 1 0  0.037380  0.192600  0.330440     0     0     0    0 0  0.0000   0.000 0.0000 0.0000 0.0000     0.0    0.0   817
1165 1171  1  1 1 1  0.000000  0.151100  0.000000     0     0     0    0 0  1.0100   0.000 1.0100 1.0100 0.0000     0.0    0.0   818
1165 1172  1  1 1 1  0.000000  0.132300  0.000000     0     0     0    0 0  1.0100   0.000 1.0100 1.0100 0.0000     0.0    0.0   819
1168 1166  1  1 1 1  0.000000  0.022700  0.000000     0     0     0    0 0  0.9600   0.000 0.9600 0.9600 0.0000     0.0    0.0   820
1168 1167  1  1 1 1  0.000000  0.018050  0.000000     0     0     0    0 0  0.9800   0.000 0.9800 0.9800 0.0000     0.0    0.0   821
1168 1173  1  1 1 0  0.000439  0.004664  0.079800     0     0     0    0 0  0.0000   0.000 0.0000 0.0000 0.0000     0.0    0.0   822
1168 1173  1  1 1 0  0.000439  0.004664  0.079800     0     0     0    0 0  0.0000   0.000 0.0000 0.0000 0.0000     0.0    0.0   823
1170 1169  1  1 1 1  0.000000  0.017900  0.000000     0     0     0    0 0  0.9800   0.000 0.9800 0.9800 0.0000     0.0    0.0   824
1169 1194  1  1 1 0  0.026698  0.134510  0.000000     0     0     0    0 0  0.0000   0.000 0.0000 0.0000 0.0000     0.0    0.0   825
1170 1173  1  1 1 0  0.005447  0.057837  0.989500     0     0     0    0 0  0.0000   0.000 0.0000 0.0000 0.0000     0.0    0.0   826
1170 1173  1  1 1 0  0.005447  0.057837  0.989500     0     0     0    0 0  0.0000   0.000 0.0000 0.0000 0.0000     0.0    0.0   827
1170 1195  1  1 1 0  0.005260  0.055900  0.931270     0     0     0    0 0  0.0000   0.000 0.0000 0.0000 0.0000     0.0    0.0   828
1170 1195  1  1 1 0  0.005120  0.054380  0.893720     0     0     0    0 0  0.0000   0.000 0.0000 0.0000 0.0000     0.0    0.0   829
1174 1173  1  1 1 0  0.000000  0.007500  0.000000     0     0     0    0 0  0.0000   0.000 0.0000 0.0000 0.0000     0.0    0.0   830
1174 1222  1  1 1 0  0.002232  0.033720  2.820300     0     0     0    0 0  0.0000   0.000 0.0000 0.0000 0.0000     0.0    0.0   831
1174 1222  1  1 1 0  0.002232  0.033720  2.820300     0     0     0    0 0  0.0000   0.000 0.0000 0.0000 0.0000     0.0    0.0   832
1176 1175  1  1 1 1  0.000000  0.000500  0.000000     0     0     0    0 0  0.9800   0.000 0.9800 0.9800 0.0000     0.0    0.0   833
1177 1175  1  1 1 0  0.000000  0.024000  0.000000     0     0     0    0 0  0.0000   0.000 0.0000 0.0000 0.0000     0.0    0.0   834
1176 1177  1  1 1 1  0.000000  0.049000  0.000000     0     0     0    0 0  0.9800   0.000 0.9800 0.9800 0.0000     0.0    0.0   835
1176 1185  1  1 1 0  0.020500  0.120700  0.034570     0     0     0    0 0  0.0000   0.000 0.0000 0.0000 0.0000     0.0    0.0   836
1176 1185  1  1 1 0  0.020500  0.120700  0.034570     0     0     0    0 0  0.0000   0.000 0.0000 0.0000 0.0000     0.0    0.0   837
1177 1180  1  1 1 0  0.002020  0.030590  2.599060     0     0     0    0 0  0.0000   0.000 0.0000 0.0000 0.0000     0.0    0.0   838
1177 1214  1  1 1 0  0.001770  0.026780  2.264630     0     0     0    0 0  0.0000   0.000 0.0000 0.0000 0.0000     0.0    0.0   839
1177 1229  1  1 1 0  0.001600  0.024400  2.200000     0     0     0    0 0  0.0000   0.000 0.0000 0.0000 0.0000     0.0    0.0   840
1177 1286  1  1 1 0  0.000600  0.010000  0.826100     0     0     0    0 0  0.0000   0.000 0.0000 0.0000 0.0000     0.0    0.0   841
1179 1178  1  1 1 1  0.000000 -0.025500  0.000000     0     0     0    0 0  0.9500   0.000 0.9500 0.9500 0.0000     0.0    0.0   842
1180 1178  1  1 1 1  0.000000  0.049900  0.000000     0     0     0    0 0  1.0500   0.000 1.0500 1.0500 0.0000     0.0    0.0   843
1179 1189  1  1 1 0  0.002600  0.027510  0.467650     0     0     0    0 0  0.0000   0.000 0.0000 0.0000 0.0000     0.0    0.0   844
1179 1213  1  1 1 0  0.003710  0.039310  0.670350     0     0     0    0 0  0.0000   0.000 0.0000 0.0000 0.0000     0.0    0.0   845
1179 1277  1  1 1 0  0.112240  0.591130  0.000000     0     0     0    0 0  0.0000   0.000 0.0000 0.0000 0.0000     0.0    0.0   846
1179 1281  1  1 1 0  0.010406  0.106590  0.000000     0     0     0    0 0  0.0000   0.000 0.0000 0.0000 0.0000     0.0    0.0   847
1179 1282  1  1 1 0  0.116900  0.604040  0.000000     0     0     0    0 0  0.0000   0.000 0.0000 0.0000 0.0000     0.0    0.0   848
1179 1283  1  1 1 0  0.007965  0.197910  0.000000     0     0     0    0 0  0.0000   0.000 0.0000 0.0000 0.0000     0.0    0.0   849
1179 1301  1  1 1 0  0.172580  0.448280  0.000000     0     0     0    0 0  0.0000   0.000 0.0000 0.0000 0.0000     0.0    0.0   850
1180 1223  1  1 1 0  0.000800  0.012800  1.062000     0     0     0    0 0  0.0000   0.000 0.0000 0.0000 0.0000     0.0    0.0   851
1181 1182  1  1 1 0  0.096142  0.290350  0.000000     0     0     0    0 0  0.0000   0.000 0.0000 0.0000 0.0000     0.0    0.0   852
1181 1201  1  1 1 0  0.006270  0.067290  1.173660     0     0     0    0 0  0.0000   0.000 0.0000 0.0000 0.0000     0.0    0.0   853
1181 1201  1  1 1 0  0.006290  0.067280  1.177550     0     0     0    0 0  0.0000   0.000 0.0000 0.0000 0.0000     0.0    0.0   854
1181 1201  1  1 1 0  0.054260  0.539310  0.000000     0     0     0    0 0  0.0000   0.000 0.0000 0.0000 0.0000     0.0    0.0   855
1181 1232  1  1 1 0  0.006920  0.074020  1.283730     0     0     0    0 0  0.0000   0.000 0.0000 0.0000 0.0000     0.0    0.0   856
1181 1232  1  1 1 0  0.006940  0.074020  1.287220     0     0     0    0 0  0.0000   0.000 0.0000 0.0000 0.0000     0.0    0.0   857
1181 1232  1  1 1 0  0.132430  0.676580  0.000000     0     0     0    0 0  0.0000   0.000 0.0000 0.0000 0.0000     0.0    0.0   858
1182 1187  1  1 1 0  0.203500  0.641200  0.000000     0     0     0    0 0  0.0000   0.000 0.0000 0.0000 0.0000     0.0    0.0   859
1182 1200  1  1 1 0  0.047510  0.353510  0.000000     0     0     0    0 0  0.0000   0.000 0.0000 0.0000 0.0000     0.0    0.0   860
1182 1201  1  1 1 0  0.208580  0.763320  0.000000     0     0     0    0 0  0.0000   0.000 0.0000 0.0000 0.0000     0.0    0.0   861
1183 1186  1  1 1 0  0.003890  0.041160  0.702740     0     0     0    0 0  0.0000   0.000 0.0000 0.0000 0.0000     0.0    0.0   862
1183 1206  1  1 1 0  0.000980  0.010330  0.175290     0     0     0    0 0  0.0000   0.000 0.0000 0.0000 0.0000     0.0    0.0   863
1183 1213  1  1 1 0  0.005760  0.061380  1.056360     0     0     0    0 0  0.0000   0.000 0.0000 0.0000 0.0000     0.0    0.0   864
1183 1213  1  1 1 0  0.005740  0.061070  1.050970     0     0     0    0 0  0.0000   0.000 0.0000 0.0000 0.0000     0.0    0.0   865
1183 1452  1  1 1 0  0.000700  0.007600  0.122900     0     0     0    0 0  0.0000   0.000 0.0000 0.0000 0.0000     0.0    0.0   866
1183 1465  1  1 1 0  0.003310  0.034970  0.595590     0     0     0    0 0  0.0000   0.000 0.0000 0.0000 0.0000     0.0    0.0   867
1185 1187  1  1 1 0  0.051964  0.198160  0.000000     0     0     0    0 0  0.0000   0.000 0.0000 0.0000 0.0000     0.0    0.0   868
1185 1198  1  1 1 0  0.098104  0.414870  0.000000     0     0     0    0 0  0.0000   0.000 0.0000 0.0000 0.0000     0.0    0.0   869
1185 1200  1  1 1 0  0.105600  0.653630  0.000000     0     0     0    0 0  0.0000   0.000 0.0000 0.0000 0.0000     0.0    0.0   870
1185 1219  1  1 1 0  0.030730  0.205030  0.000000     0     0     0    0 0  0.0000   0.000 0.0000 0.0000 0.0000     0.0    0.0   871
1186 1197  1  1 1 0  0.006970  0.061280  1.043870     0     0     0    0 0  0.0000   0.000 0.0000 0.0000 0.0000     0.0    0.0   872
1186 1197  1  1 1 0  0.005800  0.061670  1.060310     0     0     0    0 0  0.0000   0.000 0.0000 0.0000 0.0000     0.0    0.0   873
1186 1206  1  1 1 0  0.003730  0.032590  0.546950     0     0     0    0 0  0.0000   0.000 0.0000 0.0000 0.0000     0.0    0.0   874
1186 1213  1  1 1 0  0.004690  0.040990  0.692690     0     0     0    0 0  0.0000   0.000 0.0000 0.0000 0.0000     0.0    0.0   875
1186 1213  1  1 1 0  0.004690  0.040990  0.692690     0     0     0    0 0  0.0000   0.000 0.0000 0.0000 0.0000     0.0    0.0   876
1186 1458  1  1 1 0  0.002440  0.021350  0.358460     0     0     0    0 0  0.0000   0.000 0.0000 0.0000 0.0000     0.0    0.0   877
1188 1187  1  1 1 1  0.000000  0.005300  0.000000     0     0     0    0 0  1.0100   0.000 1.0100 1.0100 0.0000     0.0    0.0   878
1187 1198  1  1 1 0  0.001671  0.009109  0.000000     0     0     0    0 0  0.0000   0.000 0.0000 0.0000 0.0000     0.0    0.0   879
1187 1200  1  1 1 0  0.002207  0.023711  0.000000     0     0     0    0 0  0.0000   0.000 0.0000 0.0000 0.0000     0.0    0.0   880
1187 1219  1  1 1 0  0.038223  0.189450  0.000000     0     0     0    0 0  0.0000   0.000 0.0000 0.0000 0.0000     0.0    0.0   881
1188 1209  1  1 1 0  0.000310  0.005870  0.629400     0     0     0    0 0  0.0000   0.000 0.0000 0.0000 0.0000     0.0    0.0   882
1188 1209  1  1 1 0  0.000310  0.005870  0.629400     0     0     0    0 0  0.0000   0.000 0.0000 0.0000 0.0000     0.0    0.0   883
1189 1213  1  1 1 0  0.006460  0.056700  0.964500     0     0     0    0 0  0.0000   0.000 0.0000 0.0000 0.0000     0.0    0.0   884
1189 1213  1  1 1 0  0.006460  0.056700  0.964500     0     0     0    0 0  0.0000   0.000 0.0000 0.0000 0.0000     0.0    0.0   885
1189 1359  1  1 1 0  0.000830  0.008260  0.125850     0     0     0    0 0  0.0000   0.000 0.0000 0.0000 0.0000     0.0    0.0   886
1189 1362  1  1 1 0  0.000090  0.001530  0.035890     0     0     0    0 0  0.0000   0.000 0.0000 0.0000 0.0000     0.0    0.0   887
1189 1362  1  1 1 0  0.000090  0.001530  0.035890     0     0     0    0 0  0.0000   0.000 0.0000 0.0000 0.0000     0.0    0.0   888
1190 1230  1  1 1 0  0.000740  0.018320  8.769000     0     0     0    0 0  0.0000   0.000 0.0000 0.0000 0.0000     0.0    0.0   889
1191 1219  1  1 1 0  0.039400  0.232600  0.066760     0     0     0    0 0  0.0000   0.000 0.0000 0.0000 0.0000     0.0    0.0   890
1191 1219  1  1 1 0  0.026966  0.124190  0.000000     0     0     0    0 0  0.0000   0.000 0.0000 0.0000 0.0000     0.0    0.0   891
1194 1192  1  1 1 0  0.000000 -0.004800  0.000000     0     0     0    0 0  0.0000   0.000 0.0000 0.0000 0.0000     0.0    0.0   892
1195 1192  1  1 1 0  0.000000  0.016900  0.000000     0     0     0    0 0  0.0000   0.000 0.0000 0.0000 0.0000     0.0    0.0   893
1195 1193  1  1 1 0  0.000000  0.000850  0.000000     0     0     0    0 0  0.0000   0.000 0.0000 0.0000 0.0000     0.0    0.0   894
1196 1193  1  1 1 1  0.000000  0.004870  0.000000     0     0     0    0 0  1.0240   0.000 1.0240 1.0240 0.0000     0.0    0.0   895
1194 1217  1  1 1 0  0.125240  0.513610  0.000000     0     0     0    0 0  0.0000   0.000 0.0000 0.0000 0.0000     0.0    0.0   896
1194 1218  1  1 1 0  0.045900  0.246600  0.410390     0     0     0    0 0  0.0000   0.000 0.0000 0.0000 0.0000     0.0    0.0   897
1194 1218  1  1 1 0  0.064335  0.356780  0.000000     0     0     0    0 0  0.0000   0.000 0.0000 0.0000 0.0000     0.0    0.0   898
1194 1429  1  1 1 0  0.107320  0.565020  0.000000     0     0     0    0 0  0.0000   0.000 0.0000 0.0000 0.0000     0.0    0.0   899
1195 1212  1  1 1 0  0.005850  0.062290  1.073030     0     0     0    0 0  0.0000   0.000 0.0000 0.0000 0.0000     0.0    0.0   900
1196 1420  1  1 1 0  0.000900  0.013900  1.149000     0     0     0    0 0  0.0000   0.000 0.0000 0.0000 0.0000     0.0    0.0   901
1196 1460  1  1 1 0  0.001540  0.023210  1.955440     0     0     0    0 0  0.0000   0.000 0.0000 0.0000 0.0000     0.0    0.0   902
1197 1424  1  1 1 0 -0.002940  0.114820  0.000000     0     0     0    0 0  0.0000   0.000 0.0000 0.0000 0.0000     0.0    0.0   903
1197 1447  1  1 1 0  0.100510  0.395350  0.000000     0     0     0    0 0  0.0000   0.000 0.0000 0.0000 0.0000     0.0    0.0   904
1197 1454  1  1 1 0  0.165240  0.613690  0.000000     0     0     0    0 0  0.0000   0.000 0.0000 0.0000 0.0000     0.0    0.0   905
1199 1198  1  1 1 1  0.000000  0.010700  0.000000     0     0     0    0 0  1.0500   0.000 1.0500 1.0500 0.0000     0.0    0.0   906
1198 1200  1  1 1 0  0.005229  0.056907  0.000000     0     0     0    0 0  0.0000   0.000 0.0000 0.0000 0.0000     0.0    0.0   907
1198 1219  1  1 1 0  0.017100  0.091700  0.026290     0     0     0    0 0  0.0000   0.000 0.0000 0.0000 0.0000     0.0    0.0   908
1198 1219  1  1 1 0  0.005641  0.029802  0.000000     0     0     0    0 0  0.0000   0.000 0.0000 0.0000 0.0000     0.0    0.0   909
1200 1209  1  1 1 0  0.000200  0.004200  0.350000     0     0     0    0 0  0.0000   0.000 0.0000 0.0000 0.0000     0.0    0.0   910
1200 1209  1  1 1 0  0.000200  0.004200  0.350000     0     0     0    0 0  0.0000   0.000 0.0000 0.0000 0.0000     0.0    0.0   911
1200 1219  1  1 1 0  0.064102  0.621360  0.000000     0     0     0    0 0  0.0000   0.000 0.0000 0.0000 0.0000     0.0    0.0   912
1203 1202  1  1 1 1  0.000000 -0.025500  0.000000     0     0     0    0 0  1.0300   0.000 1.0300 1.0300 0.0000     0.0    0.0   913
1204 1202  1  1 1 1  0.000000  0.049900  0.000000     0     0     0    0 0  1.0500   0.000 1.0500 1.0500 0.0000     0.0    0.0   914
1203 1212  1  1 1 0  0.002310  0.024400  0.414400     0     0     0    0 0  0.0000   0.000 0.0000 0.0000 0.0000     0.0    0.0   915
1204 1269  1  1 1 0  0.001300  0.019630  1.647350     0     0     0    0 0  0.0000   0.000 0.0000 0.0000 0.0000     0.0    0.0   916
1206 1205  1  1 1 1  0.000000  0.065300  0.000000     0     0     0    0 0  0.9500   0.000 0.9500 0.9500 0.0000     0.0    0.0   917
1205 1211  1  1 1 0  0.149350  0.400560  0.000000     0     0     0    0 0  0.0000   0.000 0.0000 0.0000 0.0000     0.0    0.0   918
1205 1280  1  1 1 0  0.071426  0.421290  0.000000     0     0     0    0 0  0.0000   0.000 0.0000 0.0000 0.0000     0.0    0.0   919
1205 1422  1  1 1 0  0.452460  0.904790  0.000000     0     0     0    0 0  0.0000   0.000 0.0000 0.0000 0.0000     0.0    0.0   920
1205 1452  1  1 1 0  0.080309  0.321920  0.000000     0     0     0    0 0  0.0000   0.000 0.0000 0.0000 0.0000     0.0    0.0   921
1208 1207  1  1 1 1  0.000000  0.009930  0.000000     0     0     0    0 0  0.8980   0.000 0.8980 0.8980 0.0000     0.0    0.0   922
1207 1398  1  1 1 0  0.000440  0.004200  0.012560     0     0     0    0 0  0.0000   0.000 0.0000 0.0000 0.0000     0.0    0.0   923
1207 1399  1  1 1 0  0.000800  0.005000  0.008200     0     0     0    0 0  0.0000   0.000 0.0000 0.0000 0.0000     0.0    0.0   924
1207 1405  1  1 1 0  0.007610  0.050160  0.082120     0     0     0    0 0  0.0000   0.000 0.0000 0.0000 0.0000     0.0    0.0   925
1208 1213  1  1 1 0  0.005930  0.063200  1.089230     0     0     0    0 0  0.0000   0.000 0.0000 0.0000 0.0000     0.0    0.0   926
1208 1356  1  1 1 0  0.000180  0.001760  0.026610     0     0     0    0 0  0.0000   0.000 0.0000 0.0000 0.0000     0.0    0.0   927
1208 1356  1  1 1 0  0.000180  0.001760  0.026610     0     0     0    0 0  0.0000   0.000 0.0000 0.0000 0.0000     0.0    0.0   928
1208 1360  1  1 1 0  0.000870  0.008660  0.131890     0     0     0    0 0  0.0000   0.000 0.0000 0.0000 0.0000     0.0    0.0   929
1210 1221  1  1 1 0  0.018596  0.122030  0.180550     0     0     0    0 0  0.0000   0.000 0.0000 0.0000 0.0000     0.0    0.0   930
1212 1211  1  1 1 1  0.000000  0.030250  0.000000     0     0     0    0 0  0.9850   0.000 0.9850 0.9850 0.0000     0.0    0.0   931
1211 1314  1  1 1 0  0.343050  0.767150  0.000000     0     0     0    0 0  0.0000   0.000 0.0000 0.0000 0.0000     0.0    0.0   932
1211 1324  1  1 1 0  0.190270  0.501830  0.000000     0     0     0    0 0  0.0000   0.000 0.0000 0.0000 0.0000     0.0    0.0   933
1212 1465  1  1 1 0  0.001300  0.013780  0.233640     0     0     0    0 0  0.0000   0.000 0.0000 0.0000 0.0000     0.0    0.0   934
1213 1215  1  1 1 1  0.000000 -0.025500  0.000000     0     0     0    0 0  0.9500   0.000 0.9500 0.9500 0.0000     0.0    0.0   935
1213 1248  1  1 1 0  0.089529  0.554660  0.000000     0     0     0    0 0  0.0000   0.000 0.0000 0.0000 0.0000     0.0    0.0   936
1213 1277  1  1 1 0  0.028633  0.219730  0.000000     0     0     0    0 0  0.0000   0.000 0.0000 0.0000 0.0000     0.0    0.0   937
1213 1281  1  1 1 0  0.169560  0.828260  0.000000     0     0     0    0 0  0.0000   0.000 0.0000 0.0000 0.0000     0.0    0.0   938
1214 1215  1  1 1 1  0.000000  0.049900  0.000000     0     0     0    0 0  1.0500   0.000 1.0500 1.0500 0.0000     0.0    0.0   939
1218 1217  1  1 1 0  0.000000  0.090000  0.000000     0     0     0    0 0  0.0000   0.000 0.0000 0.0000 0.0000     0.0    0.0   940
1218 1217  1  1 1 0  0.302910  0.911150  0.000000     0     0     0    0 0  0.0000   0.000 0.0000 0.0000 0.0000     0.0    0.0   941
1221 1220  1  1 1 0  0.000000  0.083000  0.000000     0     0     0    0 0  0.0000   0.000 0.0000 0.0000 0.0000     0.0    0.0   942
1222 1221  1  1 1 0  0.000000  0.017500  0.000000     0     0     0    0 0  0.0000   0.000 0.0000 0.0000 0.0000     0.0    0.0   943
1230 1226  1  1 1 0  0.000000  0.009300  0.000000     0     0     0    0 0  0.0000   0.000 0.0000 0.0000 0.0000     0.0    0.0   944
1230 1227  1  1 1 0  0.000000  0.004650  0.000000     0     0     0    0 0  0.0000   0.000 0.0000 0.0000 0.0000     0.0    0.0   945
1229 1228  1  1 1 1  0.000000  0.011500  0.000000     0     0     0    0 0  1.0500   0.000 1.0500 1.0500 0.0000     0.0    0.0   946
1230 1228  1  1 1 0  0.000000  0.002630  0.000000     0     0     0    0 0  0.0000   0.000 0.0000 0.0000 0.0000     0.0    0.0   947
1229 1231  1  1 1 0  0.000150  0.002200  0.189400     0     0     0    0 0  0.0000   0.000 0.0000 0.0000 0.0000     0.0    0.0   948
1231 1286  1  1 1 0  0.000960  0.015040  1.248400     0     0     0    0 0  0.0000   0.000 0.0000 0.0000 0.0000     0.0    0.0   949
1232 1233  1  1 1 0 -0.000260  0.038561  0.000000     0     0     0    0 0  0.0000   0.000 0.0000 0.0000 0.0000     0.0    0.0   950
1233 1455  1  1 1 0  0.003160  0.047770  3.995400     0     0     0    0 0  0.0000   0.000 0.0000 0.0000 0.0000     0.0    0.0   951
1475 1239  1  1 1 1  0.000000  0.125900  0.000000     0     0     0    0 0  1.0100   0.000 1.0100 1.0100 0.0000     0.0    0.0   952
1240 1248  1  1 1 0 -0.161600  0.890420  0.000000     0     0     0    0 0  0.0000   0.000 0.0000 0.0000 0.0000     0.0    0.0   953
1241 1250  1  1 1 0  0.001800  0.024100  1.300900     0     0     0    0 0  0.0000   0.000 0.0000 0.0000 0.0000     0.0    0.0   954
1241 1269  1  1 1 1  0.000000  0.014000  0.000000     0     0     0    0 0  1.0280   0.000 1.0280 1.0280 0.0000     0.0    0.0   955
1241 1270  1  1 1 0  0.004130  0.057500  3.290000     0     0     0    0 0  0.0000   0.000 0.0000 0.0000 0.0000     0.0    0.0   956
1241 1280  1  1 1 0  0.003950  0.054800  3.116000     0     0     0    0 0  0.0000   0.000 0.0000 0.0000 0.0000     0.0    0.0   957
1309 1241  1  1 1 1  0.000000  0.023350  0.000000     0     0     0    0 0  1.0170   0.000 1.0170 1.0170 0.0000     0.0    0.0   958
1242 1312  1  1 1 1  0.000000  0.031500  0.000000     0     0     0    0 0  1.0100   0.000 1.0100 1.0100 0.0000     0.0    0.0   959
1243 1256  1  1 1 0 -0.078380  0.586210  0.000000     0     0     0    0 0  0.0000   0.000 0.0000 0.0000 0.0000     0.0    0.0   960
1243 1295  1  1 1 0  0.028956  0.205620  0.000000     0     0     0    0 0  0.0000   0.000 0.0000 0.0000 0.0000     0.0    0.0   961
1243 1317  1  1 1 0  0.162860  0.644180  0.000000     0     0     0    0 0  0.0000   0.000 0.0000 0.0000 0.0000     0.0    0.0   962
1244 1274  1  1 1 0  0.000000  0.010090  0.000000     0     0     0    0 0  0.0000   0.000 0.0000 0.0000 0.0000     0.0    0.0   963
1245 1248  1  1 1 0 -0.052980  0.588420  0.000000     0     0     0    0 0  0.0000   0.000 0.0000 0.0000 0.0000     0.0    0.0   964
1246 1476  1  1 1 0  0.004440  0.025000  0.080000     0     0     0    0 0  0.0000   0.000 0.0000 0.0000 0.0000     0.0    0.0   965
1478 1247  1  1 1 1  0.000000  0.021100  0.000000     0     0     0    0 0  0.9950   0.000 0.9950 0.9950 0.0000     0.0    0.0   966
1248 1277  1  1 1 0  0.116630  0.917870  0.000000     0     0     0    0 0  0.0000   0.000 0.0000 0.0000 0.0000     0.0    0.0   967
1248 1280  1  1 1 0  0.037557  0.620850  0.000000     0     0     0    0 0  0.0000   0.000 0.0000 0.0000 0.0000     0.0    0.0   968
1249 1252  1  1 1 0  0.001040  0.015230  0.953000     0     0     0    0 0  0.0000   0.000 0.0000 0.0000 0.0000     0.0    0.0   969
1249 1276  1  1 1 0  0.000900  0.012100  0.722200     0     0     0    0 0  0.0000   0.000 0.0000 0.0000 0.0000     0.0    0.0   970
1249 1284  1  1 1 0  0.001400  0.016700  1.082000     0     0     0    0 0  0.0000   0.000 0.0000 0.0000 0.0000     0.0    0.0   971
1249 1284  1  1 1 0  0.001400  0.016700  1.082000     0     0     0    0 0  0.0000   0.000 0.0000 0.0000 0.0000     0.0    0.0   972
1352 1249  1  1 1 1  0.000000  0.002400  0.000000     0     0     0    0 0  0.9080   0.000 0.9080 0.9080 0.0000     0.0    0.0   973
1249 1388  1  1 1 0 -0.000010  0.097794  0.000000     0     0     0    0 0  0.0000   0.000 0.0000 0.0000 0.0000     0.0    0.0   974
1250 1261  1  1 1 0  0.000385  0.005060  0.278800     0     0     0    0 0  0.0000   0.000 0.0000 0.0000 0.0000     0.0    0.0   975
1250 1270  1  1 1 0  0.004510  0.057700  3.891000     0     0     0    0 0  0.0000   0.000 0.0000 0.0000 0.0000     0.0    0.0   976
1250 1270  1  1 1 0  0.004510  0.057700  3.891000     0     0     0    0 0  0.0000   0.000 0.0000 0.0000 0.0000     0.0    0.0   977
1250 1271  1  1 1 0  0.003970  0.050300  3.343000     0     0     0    0 0  0.0000   0.000 0.0000 0.0000 0.0000     0.0    0.0   978
1250 1271  1  1 1 0  0.003970  0.050300  3.343000     0     0     0    0 0  0.0000   0.000 0.0000 0.0000 0.0000     0.0    0.0   979
1317 1251  1  1 1 0  0.000000  0.087500  0.000000     0     0     0    0 0  0.0000   0.000 0.0000 0.0000 0.0000     0.0    0.0   980
1252 1260  1  1 1 0  0.002190  0.029010  1.608000     0     0     0    0 0  0.0000   0.000 0.0000 0.0000 0.0000     0.0    0.0   981
1253 1257  1  1 1 0  0.003310  0.045420  2.546100     0     0     0    0 0  0.0000   0.000 0.0000 0.0000 0.0000     0.0    0.0   982
1253 1261  1  1 1 0  0.000385  0.005060  0.278800     0     0     0    0 0  0.0000   0.000 0.0000 0.0000 0.0000     0.0    0.0   983
1253 1271  1  1 1 0  0.003840  0.048500  3.209000     0     0     0    0 0  0.0000   0.000 0.0000 0.0000 0.0000     0.0    0.0   984
1253 1271  1  1 1 0  0.003840  0.048500  3.209000     0     0     0    0 0  0.0000   0.000 0.0000 0.0000 0.0000     0.0    0.0   985
1486 1253  1  1 1 0  0.000000  0.085300  0.000000     0     0     0    0 0  0.0000   0.000 0.0000 0.0000 0.0000     0.0    0.0   986
1486 1254  1  1 1 1  0.000000  0.048200  0.000000     0     0     0    0 0  0.9900   0.000 0.9900 0.9900 0.0000     0.0    0.0   987
1484 1255  1  1 1 1  0.000000  0.117200  0.000000     0     0     0    0 0  1.0100   0.000 1.0100 1.0100 0.0000     0.0    0.0   988
1256 1295  1  1 1 0  0.143400  0.567200  0.000000     0     0     0    0 0  0.0000   0.000 0.0000 0.0000 0.0000     0.0    0.0   989
1256 1317  1  1 1 0  0.032196  0.225240  0.000000     0     0     0    0 0  0.0000   0.000 0.0000 0.0000 0.0000     0.0    0.0   990
1257 1477  1  1 1 0  0.003500  0.048210  2.712900     0     0     0    0 0  0.0000   0.000 0.0000 0.0000 0.0000     0.0    0.0   991
1257 1481  1  1 1 0  0.000270  0.003490  0.192180     0     0     0    0 0  0.0000   0.000 0.0000 0.0000 0.0000     0.0    0.0   992
1257 1482  1  1 1 0  0.001380  0.018640  1.019600     0     0     0    0 0  0.0000   0.000 0.0000 0.0000 0.0000     0.0    0.0   993
1323 1258  1  1 1 0  0.000000  0.035400  0.000000     0     0     0    0 0  0.0000   0.000 0.0000 0.0000 0.0000     0.0    0.0   994
1487 1259  1  1 1 0  0.000000  0.033700  0.000000     0     0     0    0 0  0.0000   0.000 0.0000 0.0000 0.0000     0.0    0.0   995
1260 1270  1  1 1 0  0.003700  0.046700  2.982400     0     0     0    0 0  0.0000   0.000 0.0000 0.0000 0.0000     0.0    0.0   996
1260 1277  1  1 1 0  0.002290  0.028800  1.899000     0     0     0    0 0  0.0000   0.000 0.0000 0.0000 0.0000     0.0    0.0   997
1260 1279  1  1 1 0  0.001500  0.019600  1.196000     0     0     0    0 0  0.0000   0.000 0.0000 0.0000 0.0000     0.0    0.0   998
1260 1285  1  1 1 0  0.001430  0.018840  1.038200     0     0     0    0 0  0.0000   0.000 0.0000 0.0000 0.0000     0.0    0.0   999
1363 1260  1  1 1 1  0.000000  0.002400  0.000000     0     0     0    0 0  0.9080   0.000 0.9080 0.9080 0.0000     0.0    0.0  1000
1260 1379  1  1 1 0  0.010632  0.233170  0.000000     0     0     0    0 0  0.0000   0.000 0.0000 0.0000 0.0000     0.0    0.0  1001
1260 1382  1  1 1 0  0.006284  0.113550  0.000000     0     0     0    0 0  0.0000   0.000 0.0000 0.0000 0.0000     0.0    0.0  1002
1260 1407  1  1 1 0  0.001237  0.206650  0.000000     0     0     0    0 0  0.0000   0.000 0.0000 0.0000 0.0000     0.0    0.0  1003
1262 1482  1  1 1 0  0.000000  0.022300  0.000000     0     0     0    0 0  0.0000   0.000 0.0000 0.0000 0.0000     0.0    0.0  1004
1483 1263  1  1 1 1  0.000000  0.028300  0.000000     0     0     0    0 0  1.0050   0.000 1.0050 1.0050 0.0000     0.0    0.0  1005
1269 1460  1  1 1 0  0.000800  0.013600  1.127700     0     0     0    0 0  0.0000   0.000 0.0000 0.0000 0.0000     0.0    0.0  1006
1270 1271  1  1 1 0  0.001300  0.018100  0.978500     0     0     0    0 0  0.0000   0.000 0.0000 0.0000 0.0000     0.0    0.0  1007
1270 1277  1  1 1 0  0.001750  0.022100  1.458000     0     0     0    0 0  0.0000   0.000 0.0000 0.0000 0.0000     0.0    0.0  1008
1270 1280  1  1 1 0  0.009844  0.252880  0.000000     0     0     0    0 0  0.0000   0.000 0.0000 0.0000 0.0000     0.0    0.0  1009
1270 1281  1  1 1 0  0.001800  0.024300  1.310400     0     0     0    0 0  0.0000   0.000 0.0000 0.0000 0.0000     0.0    0.0  1010
1270 1314  1  1 1 0  0.080933  0.353050  0.000000     0     0     0    0 0  0.0000   0.000 0.0000 0.0000 0.0000     0.0    0.0  1011
1271 1276  1  1 1 0  0.003000  0.037700  2.408900     0     0     0    0 0  0.0000   0.000 0.0000 0.0000 0.0000     0.0    0.0  1012
1271 1282  1  1 1 0  0.002090  0.026010  1.693000     0     0     0    0 0  0.0000   0.000 0.0000 0.0000 0.0000     0.0    0.0  1013
1271 1284  1  1 1 0  0.002500  0.031600  2.141000     0     0     0    0 0  0.0000   0.000 0.0000 0.0000 0.0000     0.0    0.0  1014
1271 1284  1  1 1 0  0.002500  0.031600  2.141000     0     0     0    0 0  0.0000   0.000 0.0000 0.0000 0.0000     0.0    0.0  1015
1271 1340  1  1 1 0  0.197500  0.615890  0.000000     0     0     0    0 0  0.0000   0.000 0.0000 0.0000 0.0000     0.0    0.0  1016
1271 1477  1  1 1 0  0.001800  0.023300  1.339000     0     0     0    0 0  0.0000   0.000 0.0000 0.0000 0.0000     0.0    0.0  1017
1272 1273  1  1 1 0  0.021800  0.115800  0.200700     0     0     0    0 0  0.0000   0.000 0.0000 0.0000 0.0000     0.0    0.0  1018
1272 1295  1  1 1 1  0.000000  0.043300  0.000000     0     0     0    0 0  0.9700   0.000 0.9700 0.9700 0.0000     0.0    0.0  1019
1272 1387  1  1 1 0  0.023000  0.133200  0.404300     0     0     0    0 0  0.0000   0.000 0.0000 0.0000 0.0000     0.0    0.0  1020
1272 1475  1  1 1 0  0.010900  0.064600  0.196400     0     0     0    0 0  0.0000   0.000 0.0000 0.0000 0.0000     0.0    0.0  1021
1272 1483  1  1 1 0  0.025200  0.134300  0.229900     0     0     0    0 0  0.0000   0.000 0.0000 0.0000 0.0000     0.0    0.0  1022
1273 1278  1  1 1 0 -0.005970  0.397470  0.000000     0     0     0    0 0  0.0000   0.000 0.0000 0.0000 0.0000     0.0    0.0  1023
1273 1297  1  1 1 0  0.045273  0.309650  0.000000     0     0     0    0 0  0.0000   0.000 0.0000 0.0000 0.0000     0.0    0.0  1024
1273 1298  1  1 1 0  0.033377  0.209350  0.000000     0     0     0    0 0  0.0000   0.000 0.0000 0.0000 0.0000     0.0    0.0  1025
1273 1388  1  1 1 0  0.122720  0.891530  0.000000     0     0     0    0 0  0.0000   0.000 0.0000 0.0000 0.0000     0.0    0.0  1026
1275 1274  1  1 1 1  0.000000 -0.000430  0.000000     0     0     0    0 0  1.0200   0.000 1.0200 1.0200 0.0000     0.0    0.0  1027
1276 1274  1  1 1 0  0.000000  0.004180  0.000000     0     0     0    0 0  0.0000   0.000 0.0000 0.0000 0.0000     0.0    0.0  1028
1275 1383  1  1 1 0  0.004500  0.025900  0.078600     0     0     0    0 0  0.0000   0.000 0.0000 0.0000 0.0000     0.0    0.0  1029
1275 1383  1  1 1 0  0.004500  0.025900  0.078600     0     0     0    0 0  0.0000   0.000 0.0000 0.0000 0.0000     0.0    0.0  1030
1275 1387  1  1 1 0  0.003000  0.022000  0.079000     0     0     0    0 0  0.0000   0.000 0.0000 0.0000 0.0000     0.0    0.0  1031
1275 1387  1  1 1 0  0.003000  0.022000  0.079000     0     0     0    0 0  0.0000   0.000 0.0000 0.0000 0.0000     0.0    0.0  1032
1275 1387  1  1 1 0  0.003000  0.022000  0.079000     0     0     0    0 0  0.0000   0.000 0.0000 0.0000 0.0000     0.0    0.0  1033
1275 1387  1  1 1 0  0.003000  0.022000  0.079000     0     0     0    0 0  0.0000   0.000 0.0000 0.0000 0.0000     0.0    0.0  1034
1276 1279  1  1 1 0  0.003700  0.004710  0.286000     0     0     0    0 0  0.0000   0.000 0.0000 0.0000 0.0000     0.0    0.0  1035
1276 1282  1  1 1 0  0.000890  0.011150  0.725600     0     0     0    0 0  0.0000   0.000 0.0000 0.0000 0.0000     0.0    0.0  1036
1276 1408  1  1 1 0  0.028922  0.162160  0.000000     0     0     0    0 0  0.0000   0.000 0.0000 0.0000 0.0000     0.0    0.0  1037
1277 1281  1  1 1 0 -0.005060  0.210590  0.000000     0     0     0    0 0  0.0000   0.000 0.0000 0.0000 0.0000     0.0    0.0  1038
1277 1408  1  1 1 0  0.180010  0.531570  0.000000     0     0     0    0 0  0.0000   0.000 0.0000 0.0000 0.0000     0.0    0.0  1039
1278 1297  1  1 1 0  0.259640  0.719350  0.000000     0     0     0    0 0  0.0000   0.000 0.0000 0.0000 0.0000     0.0    0.0  1040
1278 1298  1  1 1 0  0.182160  0.484990  0.000000     0     0     0    0 0  0.0000   0.000 0.0000 0.0000 0.0000     0.0    0.0  1041
1278 1483  1  1 1 0  0.015228  0.085728  0.276970     0     0     0    0 0  0.0000   0.000 0.0000 0.0000 0.0000     0.0    0.0  1042
1279 1281  1  1 1 0  0.000920  0.011600  0.707500     0     0     0    0 0  0.0000   0.000 0.0000 0.0000 0.0000     0.0    0.0  1043
1279 1285  1  1 1 0  0.001980  0.025400  1.536000     0     0     0    0 0  0.0000   0.000 0.0000 0.0000 0.0000     0.0    0.0  1044
1396 1279  1  1 1 1  0.000000  0.046700  0.000000     0     0     0    0 0  0.9900   0.000 0.9900 0.9900 0.0000     0.0    0.0  1045
1279 1408  1  1 1 0  0.042082  0.212310  0.000000     0     0     0    0 0  0.0000   0.000 0.0000 0.0000 0.0000     0.0    0.0  1046
1280 1281  1  1 1 0  0.002240  0.028400  1.744000     0     0     0    0 0  0.0000   0.000 0.0000 0.0000 0.0000     0.0    0.0  1047
1280 1314  1  1 1 0  0.137070  0.575870  0.000000     0     0     0    0 0  0.0000   0.000 0.0000 0.0000 0.0000     0.0    0.0  1048
1281 1282  1  1 1 0  0.003819  0.272200  0.000000     0     0     0    0 0  0.0000   0.000 0.0000 0.0000 0.0000     0.0    0.0  1049
1281 1283  1  1 1 0  0.000400  0.005320  0.293070     0     0     0    0 0  0.0000   0.000 0.0000 0.0000 0.0000     0.0    0.0  1050
1281 1283  1  1 1 0 -0.002560  0.232650  0.000000     0     0     0    0 0  0.0000   0.000 0.0000 0.0000 0.0000     0.0    0.0  1051
1281 1301  1  1 1 0  0.040212  0.208700  0.000000     0     0     0    0 0  0.0000   0.000 0.0000 0.0000 0.0000     0.0    0.0  1052
1281 1477  1  1 1 0  0.004080  0.055400  3.058500     0     0     0    0 0  0.0000   0.000 0.0000 0.0000 0.0000     0.0    0.0  1053
1281 1477  1  1 1 0  0.004080  0.055400  3.058500     0     0     0    0 0  0.0000   0.000 0.0000 0.0000 0.0000     0.0    0.0  1054
1282 1283  1  1 1 0  0.022521  0.874790  0.000000     0     0     0    0 0  0.0000   0.000 0.0000 0.0000 0.0000     0.0    0.0  1055
1282 1301  1  1 1 0  0.001692  0.147460  0.000000     0     0     0    0 0  0.0000   0.000 0.0000 0.0000 0.0000     0.0    0.0  1056
1283 1301  1  1 1 0  0.137110  0.669310  0.000000     0     0     0    0 0  0.0000   0.000 0.0000 0.0000 0.0000     0.0    0.0  1057
1284 1409  1  1 1 1  0.000000  0.028200  0.000000     0     0     0    0 0  1.0200   0.000 1.0200 1.0200 0.0000     0.0    0.0  1058
1285 1286  1  1 1 1  0.000000  0.011110  0.000000     0     0     0    0 0  1.0200   0.000 1.0200 1.0200 0.0000     0.0    0.0  1059
1285 1410  1  1 1 1  0.000000  0.023300  0.000000     0     0     0    0 0  1.0200   0.000 1.0200 1.0200 0.0000     0.0    0.0  1060
1285 1411  1  1 1 1  0.000000  0.046700  0.000000     0     0     0    0 0  1.0100   0.000 1.0100 1.0100 0.0000     0.0    0.0  1061
1292 1297  1  1 1 0  0.047400  0.125750  0.032100     0     0     0    0 0  0.0000   0.000 0.0000 0.0000 0.0000     0.0    0.0  1062
1292 1297  1  1 1 0  0.047400  0.125750  0.032100     0     0     0    0 0  0.0000   0.000 0.0000 0.0000 0.0000     0.0    0.0  1063
1475 1292  1  1 1 0  0.000000  0.065000  0.000000     0     0     0    0 0  0.0000   0.000 0.0000 0.0000 0.0000     0.0    0.0  1064
1293 1298  1  1 1 0  0.035010  0.090360  0.022460     0     0     0    0 0  0.0000   0.000 0.0000 0.0000 0.0000     0.0    0.0  1065
1293 1298  1  1 1 0  0.035010  0.090360  0.022460     0     0     0    0 0  0.0000   0.000 0.0000 0.0000 0.0000     0.0    0.0  1066
1293 1300  1  1 1 0  0.011300  0.029160  0.007250     0     0     0    0 0  0.0000   0.000 0.0000 0.0000 0.0000     0.0    0.0  1067
1293 1300  1  1 1 0  0.011300  0.029160  0.007250     0     0     0    0 0  0.0000   0.000 0.0000 0.0000 0.0000     0.0    0.0  1068
1476 1294  1  1 1 1  0.000000  0.319700  0.000000     0     0     0    0 0  0.9700   0.000 0.9700 0.9700 0.0000     0.0    0.0  1069
1296 1295  1  1 1 1  0.000000  0.272500  0.000000     0     0     0    0 0  0.9900   0.000 0.9900 0.9900 0.0000     0.0    0.0  1070
1295 1299  1  1 1 0  0.034410  0.155370  0.045340     0     0     0    0 0  0.0000   0.000 0.0000 0.0000 0.0000     0.0    0.0  1071
1295 1299  1  1 1 0  0.034410  0.155370  0.045340     0     0     0    0 0  0.0000   0.000 0.0000 0.0000 0.0000     0.0    0.0  1072
1295 1317  1  1 1 0  0.386270  0.531810  0.000000     0     0     0    0 0  0.0000   0.000 0.0000 0.0000 0.0000     0.0    0.0  1073
1297 1298  1  1 1 0  0.202470  0.354030  0.000000     0     0     0    0 0  0.0000   0.000 0.0000 0.0000 0.0000     0.0    0.0  1074
1299 1301  1  1 1 0  0.017900  0.046800  0.012100     0     0     0    0 0  0.0000   0.000 0.0000 0.0000 0.0000     0.0    0.0  1075
1299 1301  1  1 1 0  0.017900  0.046800  0.012100     0     0     0    0 0  0.0000   0.000 0.0000 0.0000 0.0000     0.0    0.0  1076
1300 1301  1  1 1 0  0.030880  0.077200  0.020520     0     0     0    0 0  0.0000   0.000 0.0000 0.0000 0.0000     0.0    0.0  1077
1300 1301  1  1 1 0  0.030880  0.077200  0.020520     0     0     0    0 0  0.0000   0.000 0.0000 0.0000 0.0000     0.0    0.0  1078
1302 1483  1  1 1 1  0.000000  0.236000  0.000000     0     0     0    0 0  0.9800   0.000 0.9800 0.9800 0.0000     0.0    0.0  1079
1308 1327  1  1 1 0  0.045580  0.205500  0.060200     0     0     0    0 0  0.0000   0.000 0.0000 0.0000 0.0000     0.0    0.0  1080
1308 1327  1  1 1 0  0.045580  0.205500  0.060200     0     0     0    0 0  0.0000   0.000 0.0000 0.0000 0.0000     0.0    0.0  1081
1309 1313  1  1 1 0  0.026200  0.118300  0.034530     0     0     0    0 0  0.0000   0.000 0.0000 0.0000 0.0000     0.0    0.0  1082
1309 1313  1  1 1 0  0.026200  0.118300  0.034530     0     0     0    0 0  0.0000   0.000 0.0000 0.0000 0.0000     0.0    0.0  1083
1309 1318  1  1 1 0  0.053100  0.137090  0.034080     0     0     0    0 0  0.0000   0.000 0.0000 0.0000 0.0000     0.0    0.0  1084
1309 1318  1  1 1 0  0.053100  0.137090  0.034080     0     0     0    0 0  0.0000   0.000 0.0000 0.0000 0.0000     0.0    0.0  1085
1310 1319  1  1 1 0  0.038300  0.100500  0.026000     0     0     0    0 0  0.0000   0.000 0.0000 0.0000 0.0000     0.0    0.0  1086
1310 1319  1  1 1 0  0.038300  0.100500  0.026000     0     0     0    0 0  0.0000   0.000 0.0000 0.0000 0.0000     0.0    0.0  1087
1310 1486  1  1 1 0  0.031690  0.079290  0.021050     0     0     0    0 0  0.0000   0.000 0.0000 0.0000 0.0000     0.0    0.0  1088
1310 1486  1  1 1 0  0.031690  0.079290  0.021050     0     0     0    0 0  0.0000   0.000 0.0000 0.0000 0.0000     0.0    0.0  1089
1311 1312  1  1 1 0  0.022090  0.050720  0.000000     0     0     0    0 0  0.0000   0.000 0.0000 0.0000 0.0000     0.0    0.0  1090
1311 1327  1  1 1 0  0.044170  0.110430  0.029350     0     0     0    0 0  0.0000   0.000 0.0000 0.0000 0.0000     0.0    0.0  1091
1311 1327  1  1 1 0  0.044170  0.110430  0.029350     0     0     0    0 0  0.0000   0.000 0.0000 0.0000 0.0000     0.0    0.0  1092
1312 1322  1  1 1 0  0.027260  0.123090  0.035930     0     0     0    0 0  0.0000   0.000 0.0000 0.0000 0.0000     0.0    0.0  1093
1312 1322  1  1 1 0  0.027260  0.123090  0.035930     0     0     0    0 0  0.0000   0.000 0.0000 0.0000 0.0000     0.0    0.0  1094
1312 1324  1  1 1 0  0.056300  0.254370  0.074220     0     0     0    0 0  0.0000   0.000 0.0000 0.0000 0.0000     0.0    0.0  1095
1312 1324  1  1 1 0  0.056300  0.254370  0.074220     0     0     0    0 0  0.0000   0.000 0.0000 0.0000 0.0000     0.0    0.0  1096
1313 1328  1  1 1 0  0.024300  0.109900  0.032090     0     0     0    0 0  0.0000   0.000 0.0000 0.0000 0.0000     0.0    0.0  1097
1313 1328  1  1 1 0  0.024300  0.109900  0.032090     0     0     0    0 0  0.0000   0.000 0.0000 0.0000 0.0000     0.0    0.0  1098
1314 1317  1  1 1 0  0.071760  0.179380  0.047680     0     0     0    0 0  0.0000   0.000 0.0000 0.0000 0.0000     0.0    0.0  1099
1314 1317  1  1 1 0  0.071760  0.179380  0.047680     0     0     0    0 0  0.0000   0.000 0.0000 0.0000 0.0000     0.0    0.0  1100
1314 1325  1  1 1 0  0.037060  0.167320  0.048830     0     0     0    0 0  0.0000   0.000 0.0000 0.0000 0.0000     0.0    0.0  1101
1314 1325  1  1 1 0  0.037060  0.167320  0.048830     0     0     0    0 0  0.0000   0.000 0.0000 0.0000 0.0000     0.0    0.0  1102
1314 1326  1  1 1 0  0.023180  0.057970  0.015400     0     0     0    0 0  0.0000   0.000 0.0000 0.0000 0.0000     0.0    0.0  1103
1314 1326  1  1 1 0  0.023180  0.057970  0.015400     0     0     0    0 0  0.0000   0.000 0.0000 0.0000 0.0000     0.0    0.0  1104
1315 1318  1  1 1 0  0.030280  0.075700  0.020120     0     0     0    0 0  0.0000   0.000 0.0000 0.0000 0.0000     0.0    0.0  1105
1315 1318  1  1 1 0  0.030280  0.075700  0.020120     0     0     0    0 0  0.0000   0.000 0.0000 0.0000 0.0000     0.0    0.0  1106
1315 1328  1  1 1 0  0.044400  0.110900  0.029480     0     0     0    0 0  0.0000   0.000 0.0000 0.0000 0.0000     0.0    0.0  1107
1315 1328  1  1 1 0  0.044400  0.110900  0.029480     0     0     0    0 0  0.0000   0.000 0.0000 0.0000 0.0000     0.0    0.0  1108
1316 1320  1  1 1 0  0.039380  0.098430  0.026160     0     0     0    0 0  0.0000   0.000 0.0000 0.0000 0.0000     0.0    0.0  1109
1316 1320  1  1 1 0  0.039380  0.098430  0.026160     0     0     0    0 0  0.0000   0.000 0.0000 0.0000 0.0000     0.0    0.0  1110
1316 1486  1  1 1 0  0.068060  0.170130  0.045220     0     0     0    0 0  0.0000   0.000 0.0000 0.0000 0.0000     0.0    0.0  1111
1316 1486  1  1 1 0  0.068060  0.170130  0.045220     0     0     0    0 0  0.0000   0.000 0.0000 0.0000 0.0000     0.0    0.0  1112
1316 1490  1  1 1 0  0.009000  0.022500  0.005980     0     0     0    0 0  0.0000   0.000 0.0000 0.0000 0.0000     0.0    0.0  1113
1318 1321  1  1 1 0  0.021590  0.053960  0.014340     0     0     0    0 0  0.0000   0.000 0.0000 0.0000 0.0000     0.0    0.0  1114
1318 1321  1  1 1 0  0.021590  0.053960  0.014340     0     0     0    0 0  0.0000   0.000 0.0000 0.0000 0.0000     0.0    0.0  1115
1319 1327  1  1 1 0  0.027090  0.067710  0.017980     0     0     0    0 0  0.0000   0.000 0.0000 0.0000 0.0000     0.0    0.0  1116
1319 1327  1  1 1 0  0.027090  0.067710  0.017980     0     0     0    0 0  0.0000   0.000 0.0000 0.0000 0.0000     0.0    0.0  1117
1320 1321  1  1 1 0  0.049870  0.124660  0.033140     0     0     0    0 0  0.0000   0.000 0.0000 0.0000 0.0000     0.0    0.0  1118
1320 1321  1  1 1 0  0.049870  0.124660  0.033140     0     0     0    0 0  0.0000   0.000 0.0000 0.0000 0.0000     0.0    0.0  1119
1322 1323  1  1 1 0  0.022760  0.102780  0.029990     0     0     0    0 0  0.0000   0.000 0.0000 0.0000 0.0000     0.0    0.0  1120
1322 1323  1  1 1 0  0.022760  0.102780  0.029990     0     0     0    0 0  0.0000   0.000 0.0000 0.0000 0.0000     0.0    0.0  1121
1323 1325  1  1 1 0  0.010000  0.045200  0.013180     0     0     0    0 0  0.0000   0.000 0.0000 0.0000 0.0000     0.0    0.0  1122
1323 1325  1  1 1 0  0.010000  0.045200  0.013180     0     0     0    0 0  0.0000   0.000 0.0000 0.0000 0.0000     0.0    0.0  1123
1323 1340  1  1 1 0  0.092661  0.347810  0.000000     0     0     0    0 0  0.0000   0.000 0.0000 0.0000 0.0000     0.0    0.0  1124
1324 1326  1  1 1 0  0.019980  0.049970  0.013280     0     0     0    0 0  0.0000   0.000 0.0000 0.0000 0.0000     0.0    0.0  1125
1324 1326  1  1 1 0  0.019980  0.049970  0.013280     0     0     0    0 0  0.0000   0.000 0.0000 0.0000 0.0000     0.0    0.0  1126
1324 1328  1  1 1 0  0.077800  0.204000  0.052700     0     0     0    0 0  0.0000   0.000 0.0000 0.0000 0.0000     0.0    0.0  1127
1324 1328  1  1 1 0  0.077800  0.204000  0.052700     0     0     0    0 0  0.0000   0.000 0.0000 0.0000 0.0000     0.0    0.0  1128
1327 1335  1  1 1 0  0.052600  0.138000  0.035700     0     0     0    0 0  0.0000   0.000 0.0000 0.0000 0.0000     0.0    0.0  1129
1327 1335  1  1 1 0  0.052600  0.138000  0.035700     0     0     0    0 0  0.0000   0.000 0.0000 0.0000 0.0000     0.0    0.0  1130
1334 1335  1  1 1 0  0.042970  0.107430  0.028550     0     0     0    0 0  0.0000   0.000 0.0000 0.0000 0.0000     0.0    0.0  1131
1334 1335  1  1 1 0  0.042970  0.107430  0.028550     0     0     0    0 0  0.0000   0.000 0.0000 0.0000 0.0000     0.0    0.0  1132
1334 1338  1  1 1 0  0.025421  0.114740  0.033430     0     0     0    0 0  0.0000   0.000 0.0000 0.0000 0.0000     0.0    0.0  1133
1334 1338  1  1 1 0  0.025421  0.114740  0.033430     0     0     0    0 0  0.0000   0.000 0.0000 0.0000 0.0000     0.0    0.0  1134
1335 1336  1  1 1 0  0.058000  0.148000  0.037920     0     0     0    0 0  0.0000   0.000 0.0000 0.0000 0.0000     0.0    0.0  1135
1335 1336  1  1 1 0  0.058000  0.148000  0.037920     0     0     0    0 0  0.0000   0.000 0.0000 0.0000 0.0000     0.0    0.0  1136
1335 1340  1  1 1 0  0.076723  0.191890  0.050890     0     0     0    0 0  0.0000   0.000 0.0000 0.0000 0.0000     0.0    0.0  1137
1335 1340  1  1 1 0  0.076723  0.191890  0.050890     0     0     0    0 0  0.0000   0.000 0.0000 0.0000 0.0000     0.0    0.0  1138
1336 1337  1  1 1 0  0.006990  0.017800  0.004570     0     0     0    0 0  0.0000   0.000 0.0000 0.0000 0.0000     0.0    0.0  1139
1336 1337  1  1 1 0  0.006990  0.017800  0.004570     0     0     0    0 0  0.0000   0.000 0.0000 0.0000 0.0000     0.0    0.0  1140
1337 1339  1  1 1 0  0.016180  0.041190  0.010570     0     0     0    0 0  0.0000   0.000 0.0000 0.0000 0.0000     0.0    0.0  1141
1337 1339  1  1 1 0  0.016180  0.041190  0.010570     0     0     0    0 0  0.0000   0.000 0.0000 0.0000 0.0000     0.0    0.0  1142
1337 1488  1  1 1 0  0.031800  0.143400  0.041850     0     0     0    0 0  0.0000   0.000 0.0000 0.0000 0.0000     0.0    0.0  1143
1337 1488  1  1 1 0  0.031800  0.143400  0.041850     0     0     0    0 0  0.0000   0.000 0.0000 0.0000 0.0000     0.0    0.0  1144
1338 1489  1  1 1 0  0.039720  0.179270  0.052320     0     0     0    0 0  0.0000   0.000 0.0000 0.0000 0.0000     0.0    0.0  1145
1338 1489  1  1 1 0  0.039720  0.179270  0.052320     0     0     0    0 0  0.0000   0.000 0.0000 0.0000 0.0000     0.0    0.0  1146
1339 1491  1  1 1 0  0.035400  0.090000  0.023110     0     0     0    0 0  0.0000   0.000 0.0000 0.0000 0.0000     0.0    0.0  1147
1339 1491  1  1 1 0  0.035400  0.090000  0.023110     0     0     0    0 0  0.0000   0.000 0.0000 0.0000 0.0000     0.0    0.0  1148
1346 1350  1  1 1 0  0.000200  0.001900  0.033800     0     0     0    0 0  0.0000   0.000 0.0000 0.0000 0.0000     0.0    0.0  1149
1346 1352  1  1 1 0  0.001600  0.013100  0.227680     0     0     0    0 0  0.0000   0.000 0.0000 0.0000 0.0000     0.0    0.0  1150
1347 1352  1  1 1 0  0.001600  0.013100  0.227680     0     0     0    0 0  0.0000   0.000 0.0000 0.0000 0.0000     0.0    0.0  1151
1347 1364  1  1 1 0  0.000500  0.004700  0.081300     0     0     0    0 0  0.0000   0.000 0.0000 0.0000 0.0000     0.0    0.0  1152
1348 1349  1  1 1 0  0.000130  0.001400  0.024590     0     0     0    0 0  0.0000   0.000 0.0000 0.0000 0.0000     0.0    0.0  1153
1348 1349  1  1 1 0  0.000130  0.001400  0.024590     0     0     0    0 0  0.0000   0.000 0.0000 0.0000 0.0000     0.0    0.0  1154
1348 1367  1  1 1 0  0.000200  0.003210  0.089410     0     0     0    0 0  0.0000   0.000 0.0000 0.0000 0.0000     0.0    0.0  1155
1348 1367  1  1 1 0  0.000200  0.003210  0.089410     0     0     0    0 0  0.0000   0.000 0.0000 0.0000 0.0000     0.0    0.0  1156
1349 1377  1  1 1 1  0.000000  0.013620  0.000000     0     0     0    0 0  0.9130   0.000 0.9130 0.9130 0.0000     0.0    0.0  1157
1350 1364  1  1 1 0  0.000700  0.006600  0.114300     0     0     0    0 0  0.0000   0.000 0.0000 0.0000 0.0000     0.0    0.0  1158
1350 1380  1  1 1 1  0.000000  0.014100  0.000000     0     0     0    0 0  0.9550   0.000 0.9550 0.9550 0.0000     0.0    0.0  1159
1350 1381  1  1 1 1  0.000000  0.014680  0.000000     0     0     0    0 0  0.9130   0.000 0.9130 0.9130 0.0000     0.0    0.0  1160
1351 1367  1  1 1 0  0.000140  0.001710  1.168400     0     0     0    0 0  0.0000   0.000 0.0000 0.0000 0.0000     0.0    0.0  1161
1351 1367  1  1 1 0  0.000140  0.001710  1.168400     0     0     0    0 0  0.0000   0.000 0.0000 0.0000 0.0000     0.0    0.0  1162
1351 1367  1  1 1 0  0.000140  0.001710  1.168400     0     0     0    0 0  0.0000   0.000 0.0000 0.0000 0.0000     0.0    0.0  1163
1352 1355  1  1 1 0  0.000770  0.007010  0.121660     0     0     0    0 0  0.0000   0.000 0.0000 0.0000 0.0000     0.0    0.0  1164
1352 1355  1  1 1 0  0.000770  0.007010  0.121660     0     0     0    0 0  0.0000   0.000 0.0000 0.0000 0.0000     0.0    0.0  1165
1353 1354  1  1 1 0  0.000190  0.002240  1.584000     0     0     0    0 0  0.0000   0.000 0.0000 0.0000 0.0000     0.0    0.0  1166
1353 1354  1  1 1 0  0.000190  0.002240  1.584000     0     0     0    0 0  0.0000   0.000 0.0000 0.0000 0.0000     0.0    0.0  1167
1353 1358  1  1 1 0  0.000070  0.000810  0.576000     0     0     0    0 0  0.0000   0.000 0.0000 0.0000 0.0000     0.0    0.0  1168
1353 1358  1  1 1 0  0.000070  0.000810  0.576000     0     0     0    0 0  0.0000   0.000 0.0000 0.0000 0.0000     0.0    0.0  1169
1353 1362  1  1 1 0  0.000600  0.000900  0.027500     0     0     0    0 0  0.0000   0.000 0.0000 0.0000 0.0000     0.0    0.0  1170
1353 1362  1  1 1 0  0.000600  0.000900  0.027500     0     0     0    0 0  0.0000   0.000 0.0000 0.0000 0.0000     0.0    0.0  1171
1355 1366  1  1 1 0  0.000100  0.002030  1.391000     0     0     0    0 0  0.0000   0.000 0.0000 0.0000 0.0000     0.0    0.0  1172
1355 1366  1  1 1 0  0.000100  0.002030  1.391000     0     0     0    0 0  0.0000   0.000 0.0000 0.0000 0.0000     0.0    0.0  1173
1355 1367  1  1 1 0  0.000120  0.001970  0.055020     0     0     0    0 0  0.0000   0.000 0.0000 0.0000 0.0000     0.0    0.0  1174
1355 1367  1  1 1 0  0.000120  0.001970  0.055020     0     0     0    0 0  0.0000   0.000 0.0000 0.0000 0.0000     0.0    0.0  1175
1355 1395  1  1 1 1  0.000000  0.007340  0.000000     0     0     0    0 0  0.9130   0.000 0.9130 0.9130 0.0000     0.0    0.0  1176
1356 1363  1  1 1 0  0.000460  0.004460  0.067380     0     0     0    0 0  0.0000   0.000 0.0000 0.0000 0.0000     0.0    0.0  1177
1356 1363  1  1 1 0  0.000460  0.004460  0.067380     0     0     0    0 0  0.0000   0.000 0.0000 0.0000 0.0000     0.0    0.0  1178
1357 1365  1  1 1 0  0.000090  0.001480  0.041270     0     0     0    0 0  0.0000   0.000 0.0000 0.0000 0.0000     0.0    0.0  1179
1357 1365  1  1 1 0  0.000090  0.001480  0.041270     0     0     0    0 0  0.0000   0.000 0.0000 0.0000 0.0000     0.0    0.0  1180
1359 1361  1  1 1 0  0.000180  0.001860  0.032790     0     0     0    0 0  0.0000   0.000 0.0000 0.0000 0.0000     0.0    0.0  1181
1360 1361  1  1 1 0  0.000180  0.001860  0.032790     0     0     0    0 0  0.0000   0.000 0.0000 0.0000 0.0000     0.0    0.0  1182
1373 1377  1  1 1 0  0.000000  0.000100  0.000000     0     0     0    0 0  0.0000   0.000 0.0000 0.0000 0.0000     0.0    0.0  1183
1373 1384  1  1 1 0  0.000800  0.004400  0.014200     0     0     0    0 0  0.0000   0.000 0.0000 0.0000 0.0000     0.0    0.0  1184
1373 1387  1  1 1 0  0.001900  0.011000  0.035500     0     0     0    0 0  0.0000   0.000 0.0000 0.0000 0.0000     0.0    0.0  1185
1374 1377  1  1 1 0  0.000000  0.000100  0.000000     0     0     0    0 0  0.0000   0.000 0.0000 0.0000 0.0000     0.0    0.0  1186
1374 1385  1  1 1 0  0.000800  0.004400  0.014200     0     0     0    0 0  0.0000   0.000 0.0000 0.0000 0.0000     0.0    0.0  1187
1374 1387  1  1 1 0  0.001900  0.011000  0.035500     0     0     0    0 0  0.0000   0.000 0.0000 0.0000 0.0000     0.0    0.0  1188
1375 1387  1  1 1 0  0.001900  0.011000  0.035500     0     0     0    0 0  0.0000   0.000 0.0000 0.0000 0.0000     0.0    0.0  1189
1375 1403  1  1 1 0  0.000700  0.004500  0.014600     0     0     0    0 0  0.0000   0.000 0.0000 0.0000 0.0000     0.0    0.0  1190
1376 1387  1  1 1 0  0.001900  0.011000  0.035500     0     0     0    0 0  0.0000   0.000 0.0000 0.0000 0.0000     0.0    0.0  1191
1376 1403  1  1 1 0  0.000700  0.004500  0.014600     0     0     0    0 0  0.0000   0.000 0.0000 0.0000 0.0000     0.0    0.0  1192
1378 1404  1  1 1 0  0.005900  0.031800  0.050600     0     0     0    0 0  0.0000   0.000 0.0000 0.0000 0.0000     0.0    0.0  1193
1378 1411  1  1 1 0  0.006600  0.034800  0.061500     0     0     0    0 0  0.0000   0.000 0.0000 0.0000 0.0000     0.0    0.0  1194
1379 1382  1  1 1 0  0.024773  0.055053  0.000000     0     0     0    0 0  0.0000   0.000 0.0000 0.0000 0.0000     0.0    0.0  1195
1379 1407  1  1 1 0  0.040034  0.102140  0.000000     0     0     0    0 0  0.0000   0.000 0.0000 0.0000 0.0000     0.0    0.0  1196
1379 1408  1  1 1 0  0.018511  0.048189  0.000000     0     0     0    0 0  0.0000   0.000 0.0000 0.0000 0.0000     0.0    0.0  1197
1380 1392  1  1 1 0  0.006600  0.030100  0.000000     0     0     0    0 0  0.0000   0.000 0.0000 0.0000 0.0000     0.0    0.0  1198
1380 1392  1  1 1 0  0.006600  0.030100  0.000000     0     0     0    0 0  0.0000   0.000 0.0000 0.0000 0.0000     0.0    0.0  1199
1381 1394  1  1 1 0  0.000420  0.003850  0.013180     0     0     0    0 0  0.0000   0.000 0.0000 0.0000 0.0000     0.0    0.0  1200
1381 1394  1  1 1 0  0.000420  0.003850  0.013180     0     0     0    0 0  0.0000   0.000 0.0000 0.0000 0.0000     0.0    0.0  1201
1381 1397  1  1 1 0  0.003847  0.082501  0.000000     0     0     0    0 0  0.0000   0.000 0.0000 0.0000 0.0000     0.0    0.0  1202
1382 1406  1  1 1 0  0.050259  0.127760  0.000000     0     0     0    0 0  0.0000   0.000 0.0000 0.0000 0.0000     0.0    0.0  1203
1382 1407  1  1 1 0  0.019987  0.049561  0.000000     0     0     0    0 0  0.0000   0.000 0.0000 0.0000 0.0000     0.0    0.0  1204
1384 1386  1  1 1 0  0.000410  0.008200  0.766950     0     0     0    0 0  0.0000   0.000 0.0000 0.0000 0.0000     0.0    0.0  1205
1385 1386  1  1 1 0  0.000410  0.008200  0.766950     0     0     0    0 0  0.0000   0.000 0.0000 0.0000 0.0000     0.0    0.0  1206
1394 1389  1  1 1 1  0.000000  0.021880  0.000000     0     0     0    0 0  1.0500   0.000 1.0500 1.0500 0.0000     0.0    0.0  1207
1390 1391  1  1 1 1  0.000000  0.089540  0.000000     0     0     0    0 0  1.0500   0.000 1.0500 1.0500 0.0000     0.0    0.0  1208
1390 1392  1  1 1 0  0.000000  0.000100  0.000000     0     0     0    0 0  0.0000   0.000 0.0000 0.0000 0.0000     0.0    0.0  1209
1390 1394  1  1 1 1  0.000000  0.160700  0.000000     0     0     0    0 0  0.9560   0.000 0.9560 0.9560 0.0000     0.0    0.0  1210
1390 1401  1  1 1 0  0.033600  0.187200  0.009400     0     0     0    0 0  0.0000   0.000 0.0000 0.0000 0.0000     0.0    0.0  1211
1390 1401  1  1 1 0  0.033600  0.187200  0.009400     0     0     0    0 0  0.0000   0.000 0.0000 0.0000 0.0000     0.0    0.0  1212
1392 1393  1  1 1 1  0.000000  0.030040  0.000000     0     0     0    0 0  1.0500   0.000 1.0500 1.0500 0.0000     0.0    0.0  1213
1394 1402  1  1 1 0  0.006600  0.033700  0.055400     0     0     0    0 0  0.0000   0.000 0.0000 0.0000 0.0000     0.0    0.0  1214
1395 1402  1  1 1 0  0.000230  0.001370  0.003200     0     0     0    0 0  0.0000   0.000 0.0000 0.0000 0.0000     0.0    0.0  1215
1395 1402  1  1 1 0  0.000230  0.001370  0.003200     0     0     0    0 0  0.0000   0.000 0.0000 0.0000 0.0000     0.0    0.0  1216
1397 1412  1  1 1 0  0.002379  0.010993  0.000000     0     0     0    0 0  0.0000   0.000 0.0000 0.0000 0.0000     0.0    0.0  1217
1398 1400  1  1 1 0  0.000090  0.000580  0.000950     0     0     0    0 0  0.0000   0.000 0.0000 0.0000 0.0000     0.0    0.0  1218
1399 1400  1  1 1 0  0.000000  0.000100  0.000000     0     0     0    0 0  0.0000   0.000 0.0000 0.0000 0.0000     0.0    0.0  1219
1399 1405  1  1 1 0  0.009400  0.050700  0.082500     0     0     0    0 0  0.0000   0.000 0.0000 0.0000 0.0000     0.0    0.0  1220
1402 1401  1  1 1 1  0.000000  0.016100  0.000000     0     0     0    0 0  1.0150   0.000 1.0150 1.0150 0.0000     0.0    0.0  1221
1405 1411  1  1 1 0  0.009000  0.047700  0.084300     0     0     0    0 0  0.0000   0.000 0.0000 0.0000 0.0000     0.0    0.0  1222
1406 1407  1  1 1 0  0.067701  0.197950  0.000000     0     0     0    0 0  0.0000   0.000 0.0000 0.0000 0.0000     0.0    0.0  1223
1406 1412  1  1 1 0  0.073925  0.217380  0.000000     0     0     0    0 0  0.0000   0.000 0.0000 0.0000 0.0000     0.0    0.0  1224
1407 1412  1  1 1 0  0.017787  0.052644  0.000000     0     0     0    0 0  0.0000   0.000 0.0000 0.0000 0.0000     0.0    0.0  1225
1418 1448  1  1 1 0 -0.013180  0.302340  0.000000     0     0     0    0 0  0.0000   0.000 0.0000 0.0000 0.0000     0.0    0.0  1226
1419 1448  1  1 1 0 -0.008870  0.203320  0.000000     0     0     0    0 0  0.0000   0.000 0.0000 0.0000 0.0000     0.0    0.0  1227
1420 1449  1  1 1 0  0.000400  0.006300  0.516000     0     0     0    0 0  0.0000   0.000 0.0000 0.0000 0.0000     0.0    0.0  1228
1449 1421  1  1 1 1  0.000000  0.011200  0.000000     0     0     0    0 0  1.0500   0.000 1.0500 1.0500 0.0000     0.0    0.0  1229
1422 1429  1  1 1 0  0.141720  0.287400  0.000000     0     0     0    0 0  0.0000   0.000 0.0000 0.0000 0.0000     0.0    0.0  1230
1422 1452  1  1 1 0  0.019047  0.164250  0.000000     0     0     0    0 0  0.0000   0.000 0.0000 0.0000 0.0000     0.0    0.0  1231
1423 1448  1  1 1 0  0.005489  0.303600  0.000000     0     0     0    0 0  0.0000   0.000 0.0000 0.0000 0.0000     0.0    0.0  1232
1423 1450  1  1 1 0  0.118950  0.765300  0.000000     0     0     0    0 0  0.0000   0.000 0.0000 0.0000 0.0000     0.0    0.0  1233
1423 1457  1  1 1 0  0.031137  0.532160  0.000000     0     0     0    0 0  0.0000   0.000 0.0000 0.0000 0.0000     0.0    0.0  1234
1425 1452  1  1 1 1  0.000000  0.028200  0.000000     0     0     0    0 0  0.9750   0.000 0.9750 0.9750 0.0000     0.0    0.0  1235
1427 1454  1  1 1 0 -0.032090  0.319920  0.000000     0     0     0    0 0  0.0000   0.000 0.0000 0.0000 0.0000     0.0    0.0  1236
1428 1455  1  1 1 0 -0.001390  0.071769  0.000000     0     0     0    0 0  0.0000   0.000 0.0000 0.0000 0.0000     0.0    0.0  1237
1428 1464  1  1 1 0  0.125270  0.820560  0.000000     0     0     0    0 0  0.0000   0.000 0.0000 0.0000 0.0000     0.0    0.0  1238
1429 1449  1  1 1 0  0.037851  0.164520  0.000000     0     0     0    0 0  0.0000   0.000 0.0000 0.0000 0.0000     0.0    0.0  1239
1430 1449  1  1 1 0  0.000900  0.013300  1.091000     0     0     0    0 0  0.0000   0.000 0.0000 0.0000 0.0000     0.0    0.0  1240
1430 1453  1  1 1 0  0.001000  0.014700  1.207000     0     0     0    0 0  0.0000   0.000 0.0000 0.0000 0.0000     0.0    0.0  1241
1430 1457  1  1 1 0  0.003800  0.063100  5.402000     0     0     0    0 0  0.0000   0.000 0.0000 0.0000 0.0000     0.0    0.0  1242
1431 1448  1  1 1 0  0.078341  0.654140  0.000000     0     0     0    0 0  0.0000   0.000 0.0000 0.0000 0.0000     0.0    0.0  1243
1431 1457  1  1 1 0 -0.006540  0.097556  0.000000     0     0     0    0 0  0.0000   0.000 0.0000 0.0000 0.0000     0.0    0.0  1244
1431 1459  1  1 1 0  0.067533  0.426850  0.000000     0     0     0    0 0  0.0000   0.000 0.0000 0.0000 0.0000     0.0    0.0  1245
1433 1451  1  1 1 0  0.008615  0.931220  0.000000     0     0     0    0 0  0.0000   0.000 0.0000 0.0000 0.0000     0.0    0.0  1246
1434 1455  1  1 1 0  0.040962  0.293330  0.000000     0     0     0    0 0  0.0000   0.000 0.0000 0.0000 0.0000     0.0    0.0  1247
1435 1457  1  1 1 0  0.057871  0.365780  0.000000     0     0     0    0 0  0.0000   0.000 0.0000 0.0000 0.0000     0.0    0.0  1248
1435 1459  1  1 1 0 -0.009300  0.123140  0.000000     0     0     0    0 0  0.0000   0.000 0.0000 0.0000 0.0000     0.0    0.0  1249
1436 1460  1  1 1 1  0.000000  0.007700  0.000000     0     0     0    0 0  0.9500   0.000 0.9500 0.9500 0.0000     0.0    0.0  1250
1437 1461  1  1 1 0  0.000000  0.041825  0.000000     0     0     0    0 0  0.0000   0.000 0.0000 0.0000 0.0000     0.0    0.0  1251
1438 1454  1  1 1 0  0.050438  0.299050  0.000000     0     0     0    0 0  0.0000   0.000 0.0000 0.0000 0.0000     0.0    0.0  1252
1438 1463  1  1 1 0 -0.004330  0.075787  0.000000     0     0     0    0 0  0.0000   0.000 0.0000 0.0000 0.0000     0.0    0.0  1253
1438 1464  1  1 1 0  0.037437  0.323460  0.000000     0     0     0    0 0  0.0000   0.000 0.0000 0.0000 0.0000     0.0    0.0  1254
1439 1464  1  1 1 0 -0.003370  0.218820  0.000000     0     0     0    0 0  0.0000   0.000 0.0000 0.0000 0.0000     0.0    0.0  1255
1440 1464  1  1 1 0 -0.003370  0.218820  0.000000     0     0     0    0 0  0.0000   0.000 0.0000 0.0000 0.0000     0.0    0.0  1256
1441 1465  1  1 1 0  0.000000  0.035700  0.000000     0     0     0    0 0  0.0000   0.000 0.0000 0.0000 0.0000     0.0    0.0  1257
1447 1451  1  1 1 0  0.002100  0.025100  0.422000     0     0     0    0 0  0.0000   0.000 0.0000 0.0000 0.0000     0.0    0.0  1258
1447 1451  1  1 1 0  0.041824  0.177380  0.000000     0     0     0    0 0  0.0000   0.000 0.0000 0.0000 0.0000     0.0    0.0  1259
1447 1454  1  1 1 0  0.002200  0.021500  0.336600     0     0     0    0 0  0.0000   0.000 0.0000 0.0000 0.0000     0.0    0.0  1260
1447 1454  1  1 1 0  0.053501  0.316790  0.000000     0     0     0    0 0  0.0000   0.000 0.0000 0.0000 0.0000     0.0    0.0  1261
1447 1458  1  1 1 0  0.006000  0.072100  1.221000     0     0     0    0 0  0.0000   0.000 0.0000 0.0000 0.0000     0.0    0.0  1262
1448 1450  1  1 1 0  0.290130  0.876540  0.000000     0     0     0    0 0  0.0000   0.000 0.0000 0.0000 0.0000     0.0    0.0  1263
1448 1456  1  1 1 0  0.001100  0.011000  0.171000     0     0     0    0 0  0.0000   0.000 0.0000 0.0000 0.0000     0.0    0.0  1264
1448 1457  1  1 1 0  0.023802  0.198740  0.000000     0     0     0    0 0  0.0000   0.000 0.0000 0.0000 0.0000     0.0    0.0  1265
1448 1458  1  1 1 0  0.006700  0.067200  1.002660     0     0     0    0 0  0.0000   0.000 0.0000 0.0000 0.0000     0.0    0.0  1266
1448 1459  1  1 1 0  0.297550  0.833170  0.000000     0     0     0    0 0  0.0000   0.000 0.0000 0.0000 0.0000     0.0    0.0  1267
1448 1464  1  1 1 0  0.000500  0.005700  0.088090     0     0     0    0 0  0.0000   0.000 0.0000 0.0000 0.0000     0.0    0.0  1268
1449 1457  1  1 1 0  0.003800  0.060800  5.317400     0     0     0    0 0  0.0000   0.000 0.0000 0.0000 0.0000     0.0    0.0  1269
1450 1457  1  1 1 0  0.167730  0.621960  0.000000     0     0     0    0 0  0.0000   0.000 0.0000 0.0000 0.0000     0.0    0.0  1270
1450 1458  1  1 1 0  0.003900  0.044000  0.719000     0     0     0    0 0  0.0000   0.000 0.0000 0.0000 0.0000     0.0    0.0  1271
1450 1458  1  1 1 0  0.102340  0.368990  0.000000     0     0     0    0 0  0.0000   0.000 0.0000 0.0000 0.0000     0.0    0.0  1272
1450 1464  1  1 1 0  0.003900  0.044000  0.719000     0     0     0    0 0  0.0000   0.000 0.0000 0.0000 0.0000     0.0    0.0  1273
1451 1454  1  1 1 0  0.003800  0.048600  0.666700     0     0     0    0 0  0.0000   0.000 0.0000 0.0000 0.0000     0.0    0.0  1274
1452 1453  1  1 1 1  0.000000  0.011200  0.000000     0     0     0    0 0  0.9500   0.000 0.9500 0.9500 0.0000     0.0    0.0  1275
1452 1458  1  1 1 0  0.005000  0.056900  0.935370     0     0     0    0 0  0.0000   0.000 0.0000 0.0000 0.0000     0.0    0.0  1276
1452 1458  1  1 1 0  0.005000  0.056900  0.935370     0     0     0    0 0  0.0000   0.000 0.0000 0.0000 0.0000     0.0    0.0  1277
1452 1465  1  1 1 0  0.002400  0.027400  0.445830     0     0     0    0 0  0.0000   0.000 0.0000 0.0000 0.0000     0.0    0.0  1278
1453 1457  1  1 1 0  0.002800  0.048400  4.194980     0     0     0    0 0  0.0000   0.000 0.0000 0.0000 0.0000     0.0    0.0  1279
1453 1460  1  1 1 0  0.002800  0.048400  4.194980     0     0     0    0 0  0.0000   0.000 0.0000 0.0000 0.0000     0.0    0.0  1280
1453 1463  1  1 1 0  0.003400  0.051100  4.644000     0     0     0    0 0  0.0000   0.000 0.0000 0.0000 0.0000     0.0    0.0  1281
1454 1462  1  1 1 0  0.001300  0.014200  0.230000     0     0     0    0 0  0.0000   0.000 0.0000 0.0000 0.0000     0.0    0.0  1282
1454 1463  1  1 1 0  0.035154  0.208430  0.000000     0     0     0    0 0  0.0000   0.000 0.0000 0.0000 0.0000     0.0    0.0  1283
1454 1464  1  1 1 0  0.002700  0.026300  0.412000     0     0     0    0 0  0.0000   0.000 0.0000 0.0000 0.0000     0.0    0.0  1284
1454 1464  1  1 1 0  0.083007  0.409070  0.000000     0     0     0    0 0  0.0000   0.000 0.0000 0.0000 0.0000     0.0    0.0  1285
1455 1459  1  1 1 0  0.001500  0.022800  1.872000     0     0     0    0 0  0.0000   0.000 0.0000 0.0000 0.0000     0.0    0.0  1286
1455 1463  1  1 1 0  0.001600  0.025200  2.054000     0     0     0    0 0  0.0000   0.000 0.0000 0.0000 0.0000     0.0    0.0  1287
1455 1464  1  1 1 0  0.019379  0.126950  0.000000     0     0     0    0 0  0.0000   0.000 0.0000 0.0000 0.0000     0.0    0.0  1288
1456 1457  1  1 1 1  0.000000  0.011000  0.000000     0     0     0    0 0  0.9500   0.000 0.9500 0.9500 0.0000     0.0    0.0  1289
1456 1461  1  1 1 0  0.006900  0.068100  1.065500     0     0     0    0 0  0.0000   0.000 0.0000 0.0000 0.0000     0.0    0.0  1290
1456 1464  1  1 1 0  0.001400  0.015800  0.256420     0     0     0    0 0  0.0000   0.000 0.0000 0.0000 0.0000     0.0    0.0  1291
1457 1459  1  1 1 0  0.000300  0.004200  0.344000     0     0     0    0 0  0.0000   0.000 0.0000 0.0000 0.0000     0.0    0.0  1292
1457 1459  1  1 1 0  0.020515  0.129680  0.000000     0     0     0    0 0  0.0000   0.000 0.0000 0.0000 0.0000     0.0    0.0  1293
1457 1463  1  1 1 0  0.001200  0.019500  1.770000     0     0     0    0 0  0.0000   0.000 0.0000 0.0000 0.0000     0.0    0.0  1294
1463 1462  1  1 1 1  0.000000  0.011000  0.000000     0     0     0    0 0  1.0500   0.000 1.0500 1.0500 0.0000     0.0    0.0  1295
1463 1464  1  1 1 0  0.026093  0.225440  0.000000     0     0     0    0 0  0.0000   0.000 0.0000 0.0000 0.0000     0.0    0.0  1296
1475 1483  1  1 1 0  0.006800  0.040500  0.122500     0     0     0    0 0  0.0000   0.000 0.0000 0.0000 0.0000     0.0    0.0  1297
1476 1477  1  1 1 0  0.000000  0.043400  0.000000     0     0     0    0 0  0.0000   0.000 0.0000 0.0000 0.0000     0.0    0.0  1298
1476 1480  1  1 1 0  0.006450  0.036300  0.117300     0     0     0    0 0  0.0000   0.000 0.0000 0.0000 0.0000     0.0    0.0  1299
1477 1478  1  1 1 0  0.001380  0.018100  1.046000     0     0     0    0 0  0.0000   0.000 0.0000 0.0000 0.0000     0.0    0.0  1300
1478 1482  1  1 1 0  0.000980  0.013300  0.723600     0     0     0    0 0  0.0000   0.000 0.0000 0.0000 0.0000     0.0    0.0  1301
1478 1491  1  1 1 1  0.000000  0.083300  0.000000     0     0     0    0 0  0.9600   0.000 0.9600 0.9600 0.0000     0.0    0.0  1302
1479 1480  1  1 1 0  0.001200  0.007100  0.023000     0     0     0    0 0  0.0000   0.000 0.0000 0.0000 0.0000     0.0    0.0  1303
1484 1479  1  1 1 0  0.000000  0.118200  0.000000     0     0     0    0 0  0.0000   0.000 0.0000 0.0000 0.0000     0.0    0.0  1304
1480 1483  1  1 1 0  0.004300  0.025000  0.080400     0     0     0    0 0  0.0000   0.000 0.0000 0.0000 0.0000     0.0    0.0  1305
1481 1487  1  1 1 0  0.000000  0.046700  0.000000     0     0     0    0 0  0.0000   0.000 0.0000 0.0000 0.0000     0.0    0.0  1306
1482 1489  1  1 1 1  0.000000  0.046700  0.000000     0     0     0    0 0  0.9800   0.000 0.9800 0.9800 0.0000     0.0    0.0  1307
1487 1488  1  1 1 0  0.063500  0.286800  0.083710     0     0     0    0 0  0.0000   0.000 0.0000 0.0000 0.0000     0.0    0.0  1308
1487 1488  1  1 1 0  0.063500  0.286800  0.083710     0     0     0    0 0  0.0000   0.000 0.0000 0.0000 0.0000     0.0    0.0  1309
-999
LOSS ZONES FOLLOWS                    1 ITEMS
  1 787-BUS
-99
INTERCHANGE DATA FOLLOWS              0 ITEMS
-9
TIE LINES FOLLOWS                     0 ITEMS
-999
END OF DATA
